Workbook

Sheet Data Dictionary
A1: GreenLeaf Foods Nigeria Ltd — HR Dataset
A2: Data Analysis with Microsoft Excel · Capstone Dataset · Cemr Scripts
A4: Column | B4: Description
A5: EmployeeID | B5: Unique staff identifier. NOTE: the raw sheet contains a few duplicate rows to be removed.
A6: First Name / Last Name | B6: Employee name. Some last names carry trailing spaces (clean with TRIM).
A7: Gender | B7: Should be Male/Female. Some rows use 'M'/'F' and must be standardised.
A8: Department | B8: One of 8 departments. Casing/spacing is inconsistent on some rows (clean with TRIM/PROPER).
A9: Job Role | B9: Role title; maps to a Grade in the 'Grade Bands' sheet.
A10: Location | B10: Office/branch city.
A11: Hire Date | B11: Date the employee joined.
A12: Exit Date | B12: Date the employee left. BLANK means the employee is still active.
A13: Monthly Salary (NGN) | B13: Gross monthly pay in Naira.
A14: Performance Rating | B14: Latest appraisal score, 1 (low) to 5 (high). A few are blank.
A15: Date of Birth | B15: Used to derive employee age.

Sheet Employee Data
A1: EmployeeID | B1: First Name | C1: Last Name | D1: Gender | E1: Department | F1: Job Role | G1: Location | H1: Hire Date | I1: Exit Date | J1: Monthly Salary (NGN) | K1: Performance Rating | L1: Date of Birth
A2: 1001 | B2: Uche | C2: Suleiman | D2: M | E2: it | F2: IT Support | G2: Lagos | H2: 42938 | J2: 180000 | K2: 4 | L2: 31611
A3: 1002 | B3: Ronke | C3: Okafor | D3: Female | E3: Operations | F3: Operations Officer | G3: Ibadan | H3: 42475 | J3: 166000 | K3: 4 | L3: 32195
A4: 1003 | B4: Sadiq | C4: Olawale | D4: Male | E4: Operations | F4: Operations Analyst | G4: Kano | H4: 44193 | J4: 180000 | K4: 3 | L4: 35812
A5: 1004 | B5: Bode | C5: Oladele | D5: Male | E5: Human Resources | F5: Recruiter | G5: Lagos | H5: 42547 | J5: 197000 | K5: 3 | L5: 34845
A6: 1005 | B6: Damilola | C6: Okoro | D6: M | E6: Customer Service | F6: Support Agent | G6: Lagos | H6: 43836 | I6: 45658 | J6: 113000 | K6: 3 | L6: 34826
A7: 1006 | B7: Precious | C7: Oladele | D7: F | E7: Operations | F7: Operations Officer | G7: Lagos | H7: 43824 | J7: 130000 | K7: 4 | L7: 36398
A8: 1007 | B8: Segun | C8: Okoro | D8: Male | E8: Marketing | F8: Content Strategist | G8: Lagos | H8: 44428 | J8: 212000 | K8: 3 | L8: 27615
A9: 1008 | B9: Tunde | C9: Aliyu | D9: Male | E9: Customer Service | F9: Support Agent | G9: Ibadan | H9: 45109 | J9: 164000 | K9: 3 | L9: 33528
A10: 1009 | B10: Damilola | C10: Nwachukwu | D10: M | E10: Customer Service | F10: Team Lead | G10: Port Harcourt | H10: 44406 | I10: 45275 | J10: 317000 | L10: 30973
A11: 1010 | B11: Tunde | C11: Obi | D11: M | E11: Marketing | F11: Content Strategist | G11: Kano | H11: 42925 | J11: 167000 | K11: 4 | L11: 27973
A12: 1011 | B12: Efe | C12: Oladele | D12: M | E12: Finance | F12: Accounts Officer | G12: Port Harcourt | H12: 44345 | I12: 45416 | J12: 196000 | K12: 1 | L12: 33623
A13: 1012 | B13: Ronke | C13: Adeleke | D13: F | E13: Logistics | F13: Dispatch Officer | G13: Lagos | H13: 45576 | I13: 46000 | J13: 140000 | K13: 1 | L13: 31373
A14: 1013 | B14: Ibrahim | C14: Suleiman | D14: Male | E14: Human Resources | F14: HR Manager | G14: Lagos | H14: 45122 | J14: 545000 | K14: 4 | L14: 30917
A15: 1014 | B15: Maryam | C15: Okoro | D15: Female | E15: Customer Service | F15: Support Agent | G15: Kano | H15: 44823 | J15: 196000 | K15: 3 | L15: 27876
A16: 1015 | B16: Fatima | C16: Oladele | D16: Female | E16: MARKETING | F16: Content Strategist | G16: Lagos | H16: 43241 | J16: 224000 | K16: 4 | L16: 33362
A17: 1016 | B17: Amaka | C17: Bello | D17: Female | E17: Logistics | F17: Dispatch Officer | G17: Port Harcourt | H17: 45382 | J17: 149000 | K17: 4 | L17: 29946
A18: 1017 | B18: Folake | C18: Okoro | D18: Female | E18: IT | F18: Software Developer | G18: Lagos | H18: 42797 | J18: 161000 | K18: 3 | L18: 32449
A19: 1018 | B19: Damola | C19: Okafor | D19: F | E19: Marketing | F19: Content Strategist | G19: Ibadan | H19: 44904 | J19: 204000 | K19: 5 | L19: 33997
A20: 1019 | B20: Ella | C20: Aliyu | D20: F | E20: Finance | F20: Accountant | G20: Kano | H20: 43358 | J20: 174000 | K20: 3 | L20: 32862
A21: 1020 | B21: Damilola | C21: Aliyu | D21: Male | E21: Logistics | F21: Fleet Coordinator | G21: Port Harcourt | H21: 43637 | J21: 205000 | L21: 29886
A22: 1021 | B22: Kunle | C22: Nwosu | D22: Male | E22: Sales | F22: Sales Executive | G22: Ibadan | H22: 45356 | J22: 216000 | K22: 4 | L22: 35840
A23: 1022 | B23: Nonso | C23: Mohammed | D23: Male | E23: Operations | F23: Operations Analyst | G23: Lagos | H23: 44525 | I23: 45698 | J23: 228000 | K23: 4 | L23: 32315
A24: 1023 | B24: Musa | C24: Adeyemi | D24: Male | E24: Customer Service | F24: Support Agent | G24: Kano | H24: 44398 | J24: 174000 | K24: 4 | L24: 36270
A25: 1024 | B25: Chibuike | C25: Mohammed | D25: Male | E25: Sales | F25: Sales Manager | G25: Kano | H25: 45503 | J25: 516000 | K25: 3 | L25: 32624
A26: 1025 | B26: Bukola | C26: Anyanwu | D26: Female | E26: IT | F26: Software Developer | G26: Port Harcourt | H26: 45084 | J26: 198000 | K26: 3 | L26: 28598
A27: 1026 | B27: Femi | C27: Abubakar | D27: Male | E27: Human Resources | F27: HR Officer | G27: Port Harcourt | H27: 44376 | J27: 124000 | K27: 4 | L27: 34190
A28: 1027 | B28: Bukola | C28: Nwosu | D28: Female | E28: Sales | F28: Sales Executive | G28: Ibadan | H28: 42568 | I28: 44751 | J28: 152000 | K28: 3 | L28: 31346
A29: 1028 | B29: Ifeoma | C29: Olawale | D29: F | E29: IT | F29: IT Support | G29: Lagos | H29: 44158 | I29: 44930 | J29: 179000 | K29: 2 | L29: 31634
A30: 1029 | B30: Blessing | C30: Adebayo | D30: Female | E30: Logistics | F30: Logistics Analyst | G30: Lagos | H30: 43715 | J30: 322000 | K30: 4 | L30: 36654
A31: 1030 | B31: Ella | C31: Nwosu | D31: Female | E31: IT | F31: Systems Analyst | G31: Lagos | H31: 45410 | J31: 283000 | K31: 3 | L31: 29699
A32: 1031 | B32: Gbenga | C32: Akinyemi | D32: Male | E32: Sales | F32: Sales Executive | G32: Lagos | H32: 44555 | I32: 46009 | J32: 133000 | K32: 3 | L32: 36703
A33: 1032 | B33: Emeka | C33: Adebayo | D33: Male | E33: Sales | F33: Sales Executive | G33: Ibadan | H33: 43885 | J33: 148000 | K33: 1 | L33: 31757
A34: 1033 | B34: Ella | C34: Adeleke | D34: Female | E34: Customer Service | F34: Team Lead | G34: Lagos | H34: 44485 | J34: 258000 | K34: 5 | L34: 31240
A35: 1034 | B35: Chidi | C35: Okafor | D35: Male | E35: IT | F35: IT Support | G35: Ibadan | H35: 44375 | J35: 150000 | K35: 2 | L35: 32617
A36: 1035 | B36: Chibuike | C36: Okafor | D36: M | E36: Human Resources | F36: HR Officer | G36: Lagos | H36: 42922 | J36: 141000 | K36: 3 | L36: 32100
A37: 1036 | B37: Taiwo | C37: Abubakar | D37: Male | E37: Sales | F37: Sales Executive | G37: Port Harcourt | H37: 42387 | I37: 45716 | J37: 125000 | K37: 5 | L37: 34488
A38: 1037 | B38: Blessing | C38: Suleiman | D38: Female | E38: Finance | F38: Finance Manager | G38: Abuja | H38: 43172 | J38: 482000 | K38: 3 | L38: 37156
A39: 1038 | B39: Hauwa | C39: Anyanwu | D39: Female | E39: IT | F39: Software Developer | G39: Port Harcourt | H39: 42682 | J39: 177000 | K39: 2 | L39: 32622
A40: 1039 | B40: Rotimi | C40: Olawale | D40: Male | E40: Logistics | F40: Dispatch Officer | G40: Abuja | H40: 43155 | J40: 155000 | K40: 5 | L40: 28820
A41: 1040 | B41: Chiamaka | C41: Adebayo | D41: Female | E41: Sales | F41: Sales Executive | G41: Lagos | H41: 44523 | J41: 151000 | K41: 3 | L41: 36658
A42: 1041 | B42: Halima | C42: Olawale | D42: Female | E42: Customer Service | F42: Support Agent | G42: Abuja | H42: 42636 | I42: 45574 | J42: 185000 | K42: 2 | L42: 29452
A43: 1042 | B43: Bukola | C43: Nwosu | D43: Female | E43: Customer Service | F43: Support Agent | G43: Lagos | H43: 42943 | J43: 158000 | K43: 5 | L43: 35543
A44: 1043 | B44: Kunle | C44: Ojo | D44: Male | E44: IT | F44: IT Support | G44: Port Harcourt | H44: 43606 | J44: 120000 | K44: 5 | L44: 36753
A45: 1044 | B45: Nnamdi | C45: Adeyemi | D45: M | E45: Marketing | F45: Marketing Officer | G45: Abuja | H45: 45109 | I45: 45639 | J45: 176000 | K45: 3 | L45: 28181
A46: 1045 | B46: Efe | C46: Adeyemi | D46: M | E46: Sales | F46: Sales Executive | G46: Kano | H46: 45429 | J46: 113000 | K46: 4 | L46: 32768
A47: 1046 | B47: Kemi | C47: Nwosu | D47: Female | E47: IT | F47: IT Support | G47: Lagos | H47: 43760 | J47: 174000 | K47: 4 | L47: 27725
A48: 1047 | B48: Taiwo | C48: Bello | D48: Male | E48: Finance | F48: Accountant | G48: Kano | H48: 45636 | J48: 157000 | K48: 4 | L48: 31474
A49: 1048 | B49: Chibuike | C49: Ibrahim | D49: Male | E49: Marketing | F49: Marketing Officer | G49: Lagos | H49: 42717 | J49: 177000 | K49: 3 | L49: 33382
A50: 1049 | B50: Rotimi | C50: Suleiman | D50: Male | E50: Customer Service | F50: Support Agent | G50: Ibadan | H50: 44377 | J50: 169000 | K50: 2 | L50: 28353
A51: 1050 | B51: Nonso | C51: Onyeka | D51: Male | E51: Finance | F51: Accountant | G51: Abuja | H51: 45308 | I51: 45721 | J51: 166000 | K51: 4 | L51: 34151
A52: 1051 | B52: Gbenga | C52: Adeyemi | D52: Male | E52: Finance | F52: Accounts Officer | G52: Lagos | H52: 43804 | I52: 45212 | J52: 223000 | K52: 3 | L52: 37081
A53: 1052 | B53: Segun | C53: Suleiman | D53: M | E53: Marketing | F53: Marketing Officer | G53: Port Harcourt | H53: 45224 | J53: 129000 | K53: 5 | L53: 34329
A54: 1053 | B54: Uchechi | C54: Ekwueme | D54: Female | E54: Sales | F54: Sales Executive | G54: Lagos | H54: 44245 | J54: 170000 | K54: 4 | L54: 29528
A55: 1054 | B55: Damilola | C55: Mohammed | D55: Male | E55: Sales | F55: Sales Executive | G55: Port Harcourt | H55: 43515 | I55: 44530 | J55: 154000 | K55: 4 | L55: 31738
A56: 1055 | B56: Chibuike | C56: Mohammed | D56: Male | E56: Human Resources | F56: HR Business Partner | G56: Lagos | H56: 45537 | J56: 277000 | K56: 5 | L56: 28181
A57: 1056 | B57: Rotimi | C57: Afolabi | D57: Male | E57: Marketing | F57: Content Strategist | G57: Abuja | H57: 44183 | J57: 162000 | K57: 2 | L57: 33823
A58: 1057 | B58: Ronke | C58: Ibrahim | D58: Female | E58: Operations | F58: Operations Officer | G58: Port Harcourt | H58: 42988 | J58: 165000 | K58: 5 | L58: 30082
A59: 1058 | B59: Ella | C59: Suleiman | D59: Female | E59: Human Resources | F59: HR Officer | G59: Lagos | H59: 43811 | J59: 179000 | K59: 4 | L59: 31625
A60: 1059 | B60: Musa | C60: Mohammed | D60: M | E60: Human Resources | F60: HR Business Partner | G60: Lagos | H60: 42786 | J60: 283000 | K60: 4 | L60: 29621
A61: 1060 | B61: Nonso | C61: Adeleke | D61: Male | E61: Logistics | F61: Dispatch Officer | G61: Abuja | H61: 45059 | I61: 45935 | J61: 130000 | K61: 2 | L61: 31168
A62: 1061 | B62: Chinedu | C62: Aliyu | D62: Male | E62: Logistics | F62: Logistics Manager | G62: Abuja | H62: 44574 | J62: 426000 | K62: 4 | L62: 33747
A63: 1062 | B63: Ngozi | C63: Danjuma | D63: Female | E63: Human Resources | F63: Recruiter | G63: Abuja | H63: 44488 | J63: 165000 | K63: 3 | L63: 30456
A64: 1063 | B64: Tunde | C64: Aliyu | D64: Male | E64: IT | F64: IT Manager | G64: Lagos | H64: 44644 | J64: 504000 | K64: 2 | L64: 28586
A65: 1064 | B65: Segun | C65: Oladele | D65: Male | E65: Marketing | F65: Content Strategist | G65: Abuja | H65: 45383 | J65: 154000 | L65: 28294
A66: 1065 | B66: Bukola | C66: Adeyemi | D66: Female | E66: Sales | F66: Sales Executive | G66: Kano | H66: 43658 | J66: 133000 | K66: 1 | L66: 32000
A67: 1066 | B67: Damola | C67: Adeleke | D67: Female | E67: Finance | F67: Accounts Officer | G67: Lagos | H67: 42602 | I67: 45250 | J67: 215000 | K67: 4 | L67: 35419
A68: 1067 | B68: Ifeanyi | C68: Adeleke | D68: M | E68: Finance | F68: Accounts Officer | G68: Port Harcourt | H68: 43573 | J68: 177000 | K68: 3 | L68: 28467
A69: 1068 | B69: Kunle | C69: Chukwu | D69: M | E69: Operations | F69: Operations Officer | G69: Abuja | H69: 44018 | J69: 122000 | K69: 4 | L69: 34672
A70: 1069 | B70: Ikenna | C70: Ibrahim | D70: Male | E70: IT | F70: IT Support | G70: Lagos | H70: 44900 | J70: 154000 | K70: 3 | L70: 30062
A71: 1070 | B71: Musa | C71: Suleiman | D71: M | E71: Marketing | F71: Marketing Officer | G71: Port Harcourt | H71: 43631 | I71: 45393 | J71: 131000 | K71: 3 | L71: 30546
A72: 1071 | B72: Obinna | C72: Okonkwo | D72: Male | E72: Sales | F72: Sales Executive | G72: Lagos | H72: 44799 | J72: 214000 | K72: 4 | L72: 31058
A73: 1072 | B73: Sade | C73: Adeyemi | D73: Female | E73: Operations | F73: Operations Officer | G73: Port Harcourt | H73: 43181 | J73: 151000 | K73: 5 | L73: 34106
A74: 1073 | B74: Funke | C74: Suleiman | D74: Female | E74: IT | F74: Software Developer | G74: Kano | H74: 43368 | J74: 175000 | K74: 4 | L74: 30703
A75: 1074 | B75: Folake | C75: Balogun | D75: Female | E75: Marketing | F75: Brand Executive | G75: Kano | H75: 45472 | J75: 262000 | K75: 4 | L75: 32514
A76: 1075 | B76: Adaeze | C76: Akinyemi | D76: F | E76: Marketing | F76: Marketing Manager | G76: Ibadan | H76: 42586 | J76: 432000 | K76: 1 | L76: 34874
A77: 1076 | B77: Amaka | C77: Nwosu | D77: Female | E77: Customer Service | F77: Support Agent | G77: Kano | H77: 44137 | J77: 201000 | K77: 4 | L77: 28831
A78: 1077 | B78: Folake | C78: Nwachukwu | D78: F | E78: Customer Service | F78: Support Agent | G78: Ibadan | H78: 43880 | J78: 114000 | K78: 3 | L78: 32497
A79: 1078 | B79: Maryam | C79: Ekwueme | D79: Female | E79: Sales | F79: Sales Executive | G79: Ibadan | H79: 45618 | I79: 46022 | J79: 165000 | K79: 3 | L79: 36840
A80: 1079 | B80: Olumide | C80: Oladele | D80: M | E80: Sales | F80: Sales Executive | G80: Kano | H80: 42923 | J80: 191000 | K80: 4 | L80: 30974
A81: 1080 | B81: Rotimi | C81: Ojo | D81: Male | E81: Operations | F81: Operations Officer | G81: Port Harcourt | H81: 44883 | J81: 145000 | K81: 3 | L81: 27628
A82: 1081 | B82: Olumide | C82: Akinyemi | D82: Male | E82: Customer Service | F82: Support Agent | G82: Lagos | H82: 43107 | J82: 123000 | K82: 3 | L82: 34988
A83: 1082 | B83: Yusuf | C83: Onyeka | D83: Male | E83: Human Resources | F83: HR Business Partner | G83: Abuja | H83: 43732 | J83: 242000 | K83: 4 | L83: 33106
A84: 1083 | B84: Tunde | C84: Ojo | D84: Male | E84: Logistics | F84: Fleet Coordinator | G84: Ibadan | H84: 42521 | J84: 202000 | K84: 3 | L84: 29008
A85: 1084 | B85: Taiwo | C85: Oladele | D85: Male | E85: Logistics | F85: Logistics Analyst | G85: Lagos | H85: 42700 | J85: 272000 | K85: 3 | L85: 33909
A86: 1085 | B86: Sadiq | C86: Obi | D86: Male | E86: Sales | F86: Sales Executive | G86: Lagos | H86: 44688 | I86: 45985 | J86: 139000 | K86: 4 | L86: 36947
A87: 1086 | B87: Blessing | C87: Nwosu | D87: F | E87: Human Resources | F87: HR Officer | G87: Ibadan | H87: 44694 | J87: 130000 | K87: 3 | L87: 32392
A88: 1087 | B88: Ada | C88: Eze | D88: Female | E88: Human Resources | F88: HR Officer | G88: Lagos | H88: 45768 | J88: 154000 | K88: 3 | L88: 35396
A89: 1088 | B89: Emeka | C89: Adeleke | D89: Male | E89: IT | F89: Software Developer | G89: Lagos | H89: 43510 | J89: 185000 | K89: 3 | L89: 34023
A90: 1089 | B90: Folake | C90: Chukwu | D90: Female | E90: IT | F90: Systems Analyst | G90: Ibadan | H90: 44245 | J90: 292000 | K90: 3 | L90: 36652
A91: 1090 | B91: Chinedu | C91: Onyeka | D91: Male | E91: Sales | F91: Senior Sales Exec | G91: Lagos | H91: 43406 | J91: 240000 | K91: 4 | L91: 30109
A92: 1091 | B92: Taiwo | C92: Oladele | D92: Male | E92: IT | F92: IT Support | G92: Lagos | H92: 44649 | I92: 45602 | J92: 138000 | K92: 3 | L92: 36641
A93: 1092 | B93: Ifeoma | C93: Obi | D93: Female | E93: Logistics | F93: Logistics Manager | G93: Lagos | H93: 44063 | I93: 45108 | J93: 435000 | K93: 3 | L93: 30853
A94: 1093 | B94: Damola | C94: Adeleke | D94: F | E94: Sales | F94: Sales Executive | G94: Lagos | H94: 43603 | J94: 133000 | K94: 4 | L94: 33463
A95: 1094 | B95: Taiwo | C95: Ojo | D95: Male | E95: Operations | F95: Operations Analyst | G95: Port Harcourt | H95: 42949 | J95: 160000 | K95: 4 | L95: 27651
A96: 1095 | B96: Olumide | C96: Mohammed | D96: Male | E96: Customer Service | F96: Support Agent | G96: Abuja | H96: 44711 | J96: 155000 | K96: 2 | L96: 30004
A97: 1096 | B97: Folake | C97: Adebayo | D97: Female | E97: Human Resources | F97: Recruiter | G97: Abuja | H97: 44666 | J97: 179000 | K97: 5 | L97: 29906
A98: 1097 | B98: Adaeze | C98: Ibrahim | D98: Female | E98: Customer Service | F98: Support Agent | G98: Kano | H98: 45102 | J98: 166000 | K98: 3 | L98: 31520
A99: 1098 | B99: Omolara | C99: Adeleke | D99: Female | E99: Marketing | F99: Content Strategist | G99: Lagos | H99: 44596 | J99: 207000 | K99: 3 | L99: 33620
A100: 1099 | B100: Chibuike | C100: Adeleke | D100: M | E100: Sales | F100: Sales Executive | G100: Kano | H100: 42862 | J100: 145000 | K100: 4 | L100: 32690
...

Sheet Cleaned Data
A1: EmployeeID | B1: First Name | C1: Last Name | D1: Gender | E1: Department | F1: Job Role | G1: Location | H1: Monthly Salary (NGN) | I1: Employee's Grade | J1: Band Min | K1: Band Max | L1: Salary Band Status | M1: Performance Rating | N1: Date of Birth | O1: Full Name | P1: Employment Status | Q1: Age | R1: Tenure in Years | S1: Annual Salary | T1: Hire Date | U1: Exit Date
A2: 1001 | B2: Uche | C2: Suleiman | D2: Male | E2: IT | F2: IT Support | G2: Lagos | H2: 180000 | I2: =_xlfn.XLOOKUP(F2,'Grade Bands'!$A$2:$A$31,'Grade Bands'!$B$2:$B$31,"Not Found") -> Officer | J2: =_xlfn.XLOOKUP(F2,'Grade Bands'!$A$2:$A$31,'Grade Bands'!$C$2:$C$31,"Not Found") -> 110000 | K2: =_xlfn.XLOOKUP(F2,'Grade Bands'!$A$2:$A$31,'Grade Bands'!$D$2:$D$31,"Not Found") -> 230000 | L2: =IF(AND(H2>=J2,H2<=K2),"Within Band","Outside Band") -> Within Band | M2: 4 | N2: 31611 | O2: Uche Suleiman | P2: Active | Q2: 40 | R2: 9 | S2: 2160000 | T2: 42938
A3: 1002 | B3: Ronke | C3: Okafor | D3: Female | E3: Operations | F3: Operations Officer | G3: Ibadan | H3: 166000 | I3: =_xlfn.XLOOKUP(F3,'Grade Bands'!$A$2:$A$31,'Grade Bands'!$B$2:$B$31,"Not Found") -> Officer | J3: =_xlfn.XLOOKUP(F3,'Grade Bands'!$A$2:$A$31,'Grade Bands'!$C$2:$C$31,"Not Found") -> 110000 | K3: =_xlfn.XLOOKUP(F3,'Grade Bands'!$A$2:$A$31,'Grade Bands'!$D$2:$D$31,"Not Found") -> 230000 | L3: =IF(AND(H3>=J3,H3<=K3),"Within Band","Outside Band") -> Within Band | M3: 4 | N3: 32195 | O3: Ronke Okafor | P3: Active | Q3: 38 | R3: 10 | S3: 1992000 | T3: 42475
A4: 1003 | B4: Sadiq | C4: Olawale | D4: Male | E4: Operations | F4: Operations Analyst | G4: Kano | H4: 180000 | I4: =_xlfn.XLOOKUP(F4,'Grade Bands'!$A$2:$A$31,'Grade Bands'!$B$2:$B$31,"Not Found") -> Senior | J4: =_xlfn.XLOOKUP(F4,'Grade Bands'!$A$2:$A$31,'Grade Bands'!$C$2:$C$31,"Not Found") -> 220000 | K4: =_xlfn.XLOOKUP(F4,'Grade Bands'!$A$2:$A$31,'Grade Bands'!$D$2:$D$31,"Not Found") -> 360000 | L4: =IF(AND(H4>=J4,H4<=K4),"Within Band","Outside Band") -> Outside Band | M4: 3 | N4: 35812 | O4: Sadiq Olawale | P4: Active | Q4: 28 | R4: 5 | S4: 2160000 | T4: 44193
A5: 1004 | B5: Bode | C5: Oladele | D5: Male | E5: Human Resources | F5: Recruiter | G5: Lagos | H5: 197000 | I5: =_xlfn.XLOOKUP(F5,'Grade Bands'!$A$2:$A$31,'Grade Bands'!$B$2:$B$31,"Not Found") -> Officer | J5: =_xlfn.XLOOKUP(F5,'Grade Bands'!$A$2:$A$31,'Grade Bands'!$C$2:$C$31,"Not Found") -> 110000 | K5: =_xlfn.XLOOKUP(F5,'Grade Bands'!$A$2:$A$31,'Grade Bands'!$D$2:$D$31,"Not Found") -> 230000 | L5: =IF(AND(H5>=J5,H5<=K5),"Within Band","Outside Band") -> Within Band | M5: 3 | N5: 34845 | O5: Bode Oladele | P5: Active | Q5: 31 | R5: 10 | S5: 2364000 | T5: 42547
A6: 1005 | B6: Damilola | C6: Okoro | D6: Male | E6: Customer Service | F6: Support Agent | G6: Lagos | H6: 113000 | I6: =_xlfn.XLOOKUP(F6,'Grade Bands'!$A$2:$A$31,'Grade Bands'!$B$2:$B$31,"Not Found") -> Officer | J6: =_xlfn.XLOOKUP(F6,'Grade Bands'!$A$2:$A$31,'Grade Bands'!$C$2:$C$31,"Not Found") -> 110000 | K6: =_xlfn.XLOOKUP(F6,'Grade Bands'!$A$2:$A$31,'Grade Bands'!$D$2:$D$31,"Not Found") -> 230000 | L6: =IF(AND(H6>=J6,H6<=K6),"Within Band","Outside Band") -> Within Band | M6: 3 | N6: 34826 | O6: Damilola Okoro | P6: Exited | Q6: 31 | R6: 4 | S6: 1356000 | T6: 43836 | U6: 45658
A7: 1006 | B7: Precious | C7: Oladele | D7: Female | E7: Operations | F7: Operations Officer | G7: Lagos | H7: 130000 | I7: =_xlfn.XLOOKUP(F7,'Grade Bands'!$A$2:$A$31,'Grade Bands'!$B$2:$B$31,"Not Found") -> Officer | J7: =_xlfn.XLOOKUP(F7,'Grade Bands'!$A$2:$A$31,'Grade Bands'!$C$2:$C$31,"Not Found") -> 110000 | K7: =_xlfn.XLOOKUP(F7,'Grade Bands'!$A$2:$A$31,'Grade Bands'!$D$2:$D$31,"Not Found") -> 230000 | L7: =IF(AND(H7>=J7,H7<=K7),"Within Band","Outside Band") -> Within Band | M7: 4 | N7: 36398 | O7: Precious Oladele | P7: Active | Q7: 26 | R7: 6 | S7: 1560000 | T7: 43824
A8: 1007 | B8: Segun | C8: Okoro | D8: Male | E8: Marketing | F8: Content Strategist | G8: Lagos | H8: 212000 | I8: =_xlfn.XLOOKUP(F8,'Grade Bands'!$A$2:$A$31,'Grade Bands'!$B$2:$B$31,"Not Found") -> Senior | J8: =_xlfn.XLOOKUP(F8,'Grade Bands'!$A$2:$A$31,'Grade Bands'!$C$2:$C$31,"Not Found") -> 220000 | K8: =_xlfn.XLOOKUP(F8,'Grade Bands'!$A$2:$A$31,'Grade Bands'!$D$2:$D$31,"Not Found") -> 360000 | L8: =IF(AND(H8>=J8,H8<=K8),"Within Band","Outside Band") -> Outside Band | M8: 3 | N8: 27615 | O8: Segun Okoro | P8: Active | Q8: 50 | R8: 4 | S8: 2544000 | T8: 44428
A9: 1008 | B9: Tunde | C9: Aliyu | D9: Male | E9: Customer Service | F9: Support Agent | G9: Ibadan | H9: 164000 | I9: =_xlfn.XLOOKUP(F9,'Grade Bands'!$A$2:$A$31,'Grade Bands'!$B$2:$B$31,"Not Found") -> Officer | J9: =_xlfn.XLOOKUP(F9,'Grade Bands'!$A$2:$A$31,'Grade Bands'!$C$2:$C$31,"Not Found") -> 110000 | K9: =_xlfn.XLOOKUP(F9,'Grade Bands'!$A$2:$A$31,'Grade Bands'!$D$2:$D$31,"Not Found") -> 230000 | L9: =IF(AND(H9>=J9,H9<=K9),"Within Band","Outside Band") -> Within Band | M9: 3 | N9: 33528 | O9: Tunde Aliyu | P9: Active | Q9: 34 | R9: 3 | S9: 1968000 | T9: 45109
A10: 1009 | B10: Damilola | C10: Nwachukwu | D10: Male | E10: Customer Service | F10: Team Lead | G10: Port Harcourt | H10: 317000 | I10: =_xlfn.XLOOKUP(F10,'Grade Bands'!$A$2:$A$31,'Grade Bands'!$B$2:$B$31,"Not Found") -> Lead/Manager | J10: =_xlfn.XLOOKUP(F10,'Grade Bands'!$A$2:$A$31,'Grade Bands'!$C$2:$C$31,"Not Found") -> 360000 | K10: =_xlfn.XLOOKUP(F10,'Grade Bands'!$A$2:$A$31,'Grade Bands'!$D$2:$D$31,"Not Found") -> 650000 | L10: =IF(AND(H10>=J10,H10<=K10),"Within Band","Outside Band") -> Outside Band | M10: 3 | N10: 30973 | O10: Damilola Nwachukwu | P10: Exited | Q10: 41 | R10: 2 | S10: 3804000 | T10: 44406 | U10: 45275
A11: 1010 | B11: Tunde | C11: Obi | D11: Male | E11: Marketing | F11: Content Strategist | G11: Kano | H11: 167000 | I11: =_xlfn.XLOOKUP(F11,'Grade Bands'!$A$2:$A$31,'Grade Bands'!$B$2:$B$31,"Not Found") -> Senior | J11: =_xlfn.XLOOKUP(F11,'Grade Bands'!$A$2:$A$31,'Grade Bands'!$C$2:$C$31,"Not Found") -> 220000 | K11: =_xlfn.XLOOKUP(F11,'Grade Bands'!$A$2:$A$31,'Grade Bands'!$D$2:$D$31,"Not Found") -> 360000 | L11: =IF(AND(H11>=J11,H11<=K11),"Within Band","Outside Band") -> Outside Band | M11: 4 | N11: 27973 | O11: Tunde Obi | P11: Active | Q11: 50 | R11: 9 | S11: 2004000 | T11: 42925
A12: 1011 | B12: Efe | C12: Oladele | D12: Male | E12: Finance | F12: Accounts Officer | G12: Port Harcourt | H12: 196000 | I12: =_xlfn.XLOOKUP(F12,'Grade Bands'!$A$2:$A$31,'Grade Bands'!$B$2:$B$31,"Not Found") -> Officer | J12: =_xlfn.XLOOKUP(F12,'Grade Bands'!$A$2:$A$31,'Grade Bands'!$C$2:$C$31,"Not Found") -> 110000 | K12: =_xlfn.XLOOKUP(F12,'Grade Bands'!$A$2:$A$31,'Grade Bands'!$D$2:$D$31,"Not Found") -> 230000 | L12: =IF(AND(H12>=J12,H12<=K12),"Within Band","Outside Band") -> Within Band | M12: 1 | N12: 33623 | O12: Efe Oladele | P12: Exited | Q12: 34 | R12: 2 | S12: 2352000 | T12: 44345 | U12: 45416
A13: 1012 | B13: Ronke | C13: Adeleke | D13: Female | E13: Logistics | F13: Dispatch Officer | G13: Lagos | H13: 140000 | I13: =_xlfn.XLOOKUP(F13,'Grade Bands'!$A$2:$A$31,'Grade Bands'!$B$2:$B$31,"Not Found") -> Officer | J13: =_xlfn.XLOOKUP(F13,'Grade Bands'!$A$2:$A$31,'Grade Bands'!$C$2:$C$31,"Not Found") -> 110000 | K13: =_xlfn.XLOOKUP(F13,'Grade Bands'!$A$2:$A$31,'Grade Bands'!$D$2:$D$31,"Not Found") -> 230000 | L13: =IF(AND(H13>=J13,H13<=K13),"Within Band","Outside Band") -> Within Band | M13: 1 | N13: 31373 | O13: Ronke Adeleke | P13: Exited | Q13: 40 | R13: 1 | S13: 1680000 | T13: 45576 | U13: 46000
A14: 1013 | B14: Ibrahim | C14: Suleiman | D14: Male | E14: Human Resources | F14: HR Manager | G14: Lagos | H14: 545000 | I14: =_xlfn.XLOOKUP(F14,'Grade Bands'!$A$2:$A$31,'Grade Bands'!$B$2:$B$31,"Not Found") -> Lead/Manager | J14: =_xlfn.XLOOKUP(F14,'Grade Bands'!$A$2:$A$31,'Grade Bands'!$C$2:$C$31,"Not Found") -> 360000 | K14: =_xlfn.XLOOKUP(F14,'Grade Bands'!$A$2:$A$31,'Grade Bands'!$D$2:$D$31,"Not Found") -> 650000 | L14: =IF(AND(H14>=J14,H14<=K14),"Within Band","Outside Band") -> Within Band | M14: 4 | N14: 30917 | O14: Ibrahim Suleiman | P14: Active | Q14: 41 | R14: 3 | S14: 6540000 | T14: 45122
A15: 1014 | B15: Maryam | C15: Okoro | D15: Female | E15: Customer Service | F15: Support Agent | G15: Kano | H15: 196000 | I15: =_xlfn.XLOOKUP(F15,'Grade Bands'!$A$2:$A$31,'Grade Bands'!$B$2:$B$31,"Not Found") -> Officer | J15: =_xlfn.XLOOKUP(F15,'Grade Bands'!$A$2:$A$31,'Grade Bands'!$C$2:$C$31,"Not Found") -> 110000 | K15: =_xlfn.XLOOKUP(F15,'Grade Bands'!$A$2:$A$31,'Grade Bands'!$D$2:$D$31,"Not Found") -> 230000 | L15: =IF(AND(H15>=J15,H15<=K15),"Within Band","Outside Band") -> Within Band | M15: 3 | N15: 27876 | O15: Maryam Okoro | P15: Active | Q15: 50 | R15: 3 | S15: 2352000 | T15: 44823
A16: 1015 | B16: Fatima | C16: Oladele | D16: Female | E16: Marketing | F16: Content Strategist | G16: Lagos | H16: 224000 | I16: =_xlfn.XLOOKUP(F16,'Grade Bands'!$A$2:$A$31,'Grade Bands'!$B$2:$B$31,"Not Found") -> Senior | J16: =_xlfn.XLOOKUP(F16,'Grade Bands'!$A$2:$A$31,'Grade Bands'!$C$2:$C$31,"Not Found") -> 220000 | K16: =_xlfn.XLOOKUP(F16,'Grade Bands'!$A$2:$A$31,'Grade Bands'!$D$2:$D$31,"Not Found") -> 360000 | L16: =IF(AND(H16>=J16,H16<=K16),"Within Band","Outside Band") -> Within Band | M16: 4 | N16: 33362 | O16: Fatima Oladele | P16: Active | Q16: 35 | R16: 8 | S16: 2688000 | T16: 43241
A17: 1016 | B17: Amaka | C17: Bello | D17: Female | E17: Logistics | F17: Dispatch Officer | G17: Port Harcourt | H17: 149000 | I17: =_xlfn.XLOOKUP(F17,'Grade Bands'!$A$2:$A$31,'Grade Bands'!$B$2:$B$31,"Not Found") -> Officer | J17: =_xlfn.XLOOKUP(F17,'Grade Bands'!$A$2:$A$31,'Grade Bands'!$C$2:$C$31,"Not Found") -> 110000 | K17: =_xlfn.XLOOKUP(F17,'Grade Bands'!$A$2:$A$31,'Grade Bands'!$D$2:$D$31,"Not Found") -> 230000 | L17: =IF(AND(H17>=J17,H17<=K17),"Within Band","Outside Band") -> Within Band | M17: 4 | N17: 29946 | O17: Amaka Bello | P17: Active | Q17: 44 | R17: 2 | S17: 1788000 | T17: 45382
A18: 1017 | B18: Folake | C18: Okoro | D18: Female | E18: IT | F18: Software Developer | G18: Lagos | H18: 161000 | I18: =_xlfn.XLOOKUP(F18,'Grade Bands'!$A$2:$A$31,'Grade Bands'!$B$2:$B$31,"Not Found") -> Senior | J18: =_xlfn.XLOOKUP(F18,'Grade Bands'!$A$2:$A$31,'Grade Bands'!$C$2:$C$31,"Not Found") -> 220000 | K18: =_xlfn.XLOOKUP(F18,'Grade Bands'!$A$2:$A$31,'Grade Bands'!$D$2:$D$31,"Not Found") -> 360000 | L18: =IF(AND(H18>=J18,H18<=K18),"Within Band","Outside Band") -> Outside Band | M18: 3 | N18: 32449 | O18: Folake Okoro | P18: Active | Q18: 37 | R18: 9 | S18: 1932000 | T18: 42797
A19: 1018 | B19: Damola | C19: Okafor | D19: Female | E19: Marketing | F19: Content Strategist | G19: Ibadan | H19: 204000 | I19: =_xlfn.XLOOKUP(F19,'Grade Bands'!$A$2:$A$31,'Grade Bands'!$B$2:$B$31,"Not Found") -> Senior | J19: =_xlfn.XLOOKUP(F19,'Grade Bands'!$A$2:$A$31,'Grade Bands'!$C$2:$C$31,"Not Found") -> 220000 | K19: =_xlfn.XLOOKUP(F19,'Grade Bands'!$A$2:$A$31,'Grade Bands'!$D$2:$D$31,"Not Found") -> 360000 | L19: =IF(AND(H19>=J19,H19<=K19),"Within Band","Outside Band") -> Outside Band | M19: 5 | N19: 33997 | O19: Damola Okafor | P19: Active | Q19: 33 | R19: 3 | S19: 2448000 | T19: 44904
A20: 1019 | B20: Ella | C20: Aliyu | D20: Female | E20: Finance | F20: Accountant | G20: Kano | H20: 174000 | I20: =_xlfn.XLOOKUP(F20,'Grade Bands'!$A$2:$A$31,'Grade Bands'!$B$2:$B$31,"Not Found") -> Officer | J20: =_xlfn.XLOOKUP(F20,'Grade Bands'!$A$2:$A$31,'Grade Bands'!$C$2:$C$31,"Not Found") -> 110000 | K20: =_xlfn.XLOOKUP(F20,'Grade Bands'!$A$2:$A$31,'Grade Bands'!$D$2:$D$31,"Not Found") -> 230000 | L20: =IF(AND(H20>=J20,H20<=K20),"Within Band","Outside Band") -> Within Band | M20: 3 | N20: 32862 | O20: Ella Aliyu | P20: Active | Q20: 36 | R20: 7 | S20: 2088000 | T20: 43358
A21: 1020 | B21: Damilola | C21: Aliyu | D21: Male | E21: Logistics | F21: Fleet Coordinator | G21: Port Harcourt | H21: 205000 | I21: =_xlfn.XLOOKUP(F21,'Grade Bands'!$A$2:$A$31,'Grade Bands'!$B$2:$B$31,"Not Found") -> Officer | J21: =_xlfn.XLOOKUP(F21,'Grade Bands'!$A$2:$A$31,'Grade Bands'!$C$2:$C$31,"Not Found") -> 110000 | K21: =_xlfn.XLOOKUP(F21,'Grade Bands'!$A$2:$A$31,'Grade Bands'!$D$2:$D$31,"Not Found") -> 230000 | L21: =IF(AND(H21>=J21,H21<=K21),"Within Band","Outside Band") -> Within Band | M21: 3 | N21: 29886 | O21: Damilola Aliyu | P21: Active | Q21: 44 | R21: 7 | S21: 2460000 | T21: 43637
A22: 1021 | B22: Kunle | C22: Nwosu | D22: Male | E22: Sales | F22: Sales Executive | G22: Ibadan | H22: 216000 | I22: =_xlfn.XLOOKUP(F22,'Grade Bands'!$A$2:$A$31,'Grade Bands'!$B$2:$B$31,"Not Found") -> Officer | J22: =_xlfn.XLOOKUP(F22,'Grade Bands'!$A$2:$A$31,'Grade Bands'!$C$2:$C$31,"Not Found") -> 110000 | K22: =_xlfn.XLOOKUP(F22,'Grade Bands'!$A$2:$A$31,'Grade Bands'!$D$2:$D$31,"Not Found") -> 230000 | L22: =IF(AND(H22>=J22,H22<=K22),"Within Band","Outside Band") -> Within Band | M22: 4 | N22: 35840 | O22: Kunle Nwosu | P22: Active | Q22: 28 | R22: 2 | S22: 2592000 | T22: 45356
A23: 1022 | B23: Nonso | C23: Mohammed | D23: Male | E23: Operations | F23: Operations Analyst | G23: Lagos | H23: 228000 | I23: =_xlfn.XLOOKUP(F23,'Grade Bands'!$A$2:$A$31,'Grade Bands'!$B$2:$B$31,"Not Found") -> Senior | J23: =_xlfn.XLOOKUP(F23,'Grade Bands'!$A$2:$A$31,'Grade Bands'!$C$2:$C$31,"Not Found") -> 220000 | K23: =_xlfn.XLOOKUP(F23,'Grade Bands'!$A$2:$A$31,'Grade Bands'!$D$2:$D$31,"Not Found") -> 360000 | L23: =IF(AND(H23>=J23,H23<=K23),"Within Band","Outside Band") -> Within Band | M23: 4 | N23: 32315 | O23: Nonso Mohammed | P23: Exited | Q23: 38 | R23: 3 | S23: 2736000 | T23: 44525 | U23: 45698
A24: 1023 | B24: Musa | C24: Adeyemi | D24: Male | E24: Customer Service | F24: Support Agent | G24: Kano | H24: 174000 | I24: =_xlfn.XLOOKUP(F24,'Grade Bands'!$A$2:$A$31,'Grade Bands'!$B$2:$B$31,"Not Found") -> Officer | J24: =_xlfn.XLOOKUP(F24,'Grade Bands'!$A$2:$A$31,'Grade Bands'!$C$2:$C$31,"Not Found") -> 110000 | K24: =_xlfn.XLOOKUP(F24,'Grade Bands'!$A$2:$A$31,'Grade Bands'!$D$2:$D$31,"Not Found") -> 230000 | L24: =IF(AND(H24>=J24,H24<=K24),"Within Band","Outside Band") -> Within Band | M24: 4 | N24: 36270 | O24: Musa Adeyemi | P24: Active | Q24: 27 | R24: 5 | S24: 2088000 | T24: 44398
A25: 1024 | B25: Chibuike | C25: Mohammed | D25: Male | E25: Sales | F25: Sales Manager | G25: Kano | H25: 516000 | I25: =_xlfn.XLOOKUP(F25,'Grade Bands'!$A$2:$A$31,'Grade Bands'!$B$2:$B$31,"Not Found") -> Lead/Manager | J25: =_xlfn.XLOOKUP(F25,'Grade Bands'!$A$2:$A$31,'Grade Bands'!$C$2:$C$31,"Not Found") -> 360000 | K25: =_xlfn.XLOOKUP(F25,'Grade Bands'!$A$2:$A$31,'Grade Bands'!$D$2:$D$31,"Not Found") -> 650000 | L25: =IF(AND(H25>=J25,H25<=K25),"Within Band","Outside Band") -> Within Band | M25: 3 | N25: 32624 | O25: Chibuike Mohammed | P25: Active | Q25: 37 | R25: 2 | S25: 6192000 | T25: 45503
A26: 1025 | B26: Bukola | C26: Anyanwu | D26: Female | E26: IT | F26: Software Developer | G26: Port Harcourt | H26: 198000 | I26: =_xlfn.XLOOKUP(F26,'Grade Bands'!$A$2:$A$31,'Grade Bands'!$B$2:$B$31,"Not Found") -> Senior | J26: =_xlfn.XLOOKUP(F26,'Grade Bands'!$A$2:$A$31,'Grade Bands'!$C$2:$C$31,"Not Found") -> 220000 | K26: =_xlfn.XLOOKUP(F26,'Grade Bands'!$A$2:$A$31,'Grade Bands'!$D$2:$D$31,"Not Found") -> 360000 | L26: =IF(AND(H26>=J26,H26<=K26),"Within Band","Outside Band") -> Outside Band | M26: 3 | N26: 28598 | O26: Bukola Anyanwu | P26: Active | Q26: 48 | R26: 3 | S26: 2376000 | T26: 45084
A27: 1026 | B27: Femi | C27: Abubakar | D27: Male | E27: Human Resources | F27: HR Officer | G27: Port Harcourt | H27: 124000 | I27: =_xlfn.XLOOKUP(F27,'Grade Bands'!$A$2:$A$31,'Grade Bands'!$B$2:$B$31,"Not Found") -> Officer | J27: =_xlfn.XLOOKUP(F27,'Grade Bands'!$A$2:$A$31,'Grade Bands'!$C$2:$C$31,"Not Found") -> 110000 | K27: =_xlfn.XLOOKUP(F27,'Grade Bands'!$A$2:$A$31,'Grade Bands'!$D$2:$D$31,"Not Found") -> 230000 | L27: =IF(AND(H27>=J27,H27<=K27),"Within Band","Outside Band") -> Within Band | M27: 4 | N27: 34190 | O27: Femi Abubakar | P27: Active | Q27: 32 | R27: 5 | S27: 1488000 | T27: 44376
A28: 1027 | B28: Bukola | C28: Nwosu | D28: Female | E28: Sales | F28: Sales Executive | G28: Ibadan | H28: 152000 | I28: =_xlfn.XLOOKUP(F28,'Grade Bands'!$A$2:$A$31,'Grade Bands'!$B$2:$B$31,"Not Found") -> Officer | J28: =_xlfn.XLOOKUP(F28,'Grade Bands'!$A$2:$A$31,'Grade Bands'!$C$2:$C$31,"Not Found") -> 110000 | K28: =_xlfn.XLOOKUP(F28,'Grade Bands'!$A$2:$A$31,'Grade Bands'!$D$2:$D$31,"Not Found") -> 230000 | L28: =IF(AND(H28>=J28,H28<=K28),"Within Band","Outside Band") -> Within Band | M28: 3 | N28: 31346 | O28: Bukola Nwosu | P28: Exited | Q28: 40 | R28: 5 | S28: 1824000 | T28: 42568 | U28: 44751
A29: 1028 | B29: Ifeoma | C29: Olawale | D29: Female | E29: IT | F29: IT Support | G29: Lagos | H29: 179000 | I29: =_xlfn.XLOOKUP(F29,'Grade Bands'!$A$2:$A$31,'Grade Bands'!$B$2:$B$31,"Not Found") -> Officer | J29: =_xlfn.XLOOKUP(F29,'Grade Bands'!$A$2:$A$31,'Grade Bands'!$C$2:$C$31,"Not Found") -> 110000 | K29: =_xlfn.XLOOKUP(F29,'Grade Bands'!$A$2:$A$31,'Grade Bands'!$D$2:$D$31,"Not Found") -> 230000 | L29: =IF(AND(H29>=J29,H29<=K29),"Within Band","Outside Band") -> Within Band | M29: 2 | N29: 31634 | O29: Ifeoma Olawale | P29: Exited | Q29: 39 | R29: 2 | S29: 2148000 | T29: 44158 | U29: 44930
A30: 1029 | B30: Blessing | C30: Adebayo | D30: Female | E30: Logistics | F30: Logistics Analyst | G30: Lagos | H30: 322000 | I30: =_xlfn.XLOOKUP(F30,'Grade Bands'!$A$2:$A$31,'Grade Bands'!$B$2:$B$31,"Not Found") -> Senior | J30: =_xlfn.XLOOKUP(F30,'Grade Bands'!$A$2:$A$31,'Grade Bands'!$C$2:$C$31,"Not Found") -> 220000 | K30: =_xlfn.XLOOKUP(F30,'Grade Bands'!$A$2:$A$31,'Grade Bands'!$D$2:$D$31,"Not Found") -> 360000 | L30: =IF(AND(H30>=J30,H30<=K30),"Within Band","Outside Band") -> Within Band | M30: 4 | N30: 36654 | O30: Blessing Adebayo | P30: Active | Q30: 26 | R30: 6 | S30: 3864000 | T30: 43715
A31: 1030 | B31: Ella | C31: Nwosu | D31: Female | E31: IT | F31: Systems Analyst | G31: Lagos | H31: 283000 | I31: =_xlfn.XLOOKUP(F31,'Grade Bands'!$A$2:$A$31,'Grade Bands'!$B$2:$B$31,"Not Found") -> Senior | J31: =_xlfn.XLOOKUP(F31,'Grade Bands'!$A$2:$A$31,'Grade Bands'!$C$2:$C$31,"Not Found") -> 220000 | K31: =_xlfn.XLOOKUP(F31,'Grade Bands'!$A$2:$A$31,'Grade Bands'!$D$2:$D$31,"Not Found") -> 360000 | L31: =IF(AND(H31>=J31,H31<=K31),"Within Band","Outside Band") -> Within Band | M31: 3 | N31: 29699 | O31: Ella Nwosu | P31: Active | Q31: 45 | R31: 2 | S31: 3396000 | T31: 45410
A32: 1031 | B32: Gbenga | C32: Akinyemi | D32: Male | E32: Sales | F32: Sales Executive | G32: Lagos | H32: 133000 | I32: =_xlfn.XLOOKUP(F32,'Grade Bands'!$A$2:$A$31,'Grade Bands'!$B$2:$B$31,"Not Found") -> Officer | J32: =_xlfn.XLOOKUP(F32,'Grade Bands'!$A$2:$A$31,'Grade Bands'!$C$2:$C$31,"Not Found") -> 110000 | K32: =_xlfn.XLOOKUP(F32,'Grade Bands'!$A$2:$A$31,'Grade Bands'!$D$2:$D$31,"Not Found") -> 230000 | L32: =IF(AND(H32>=J32,H32<=K32),"Within Band","Outside Band") -> Within Band | M32: 3 | N32: 36703 | O32: Gbenga Akinyemi | P32: Exited | Q32: 26 | R32: 3 | S32: 1596000 | T32: 44555 | U32: 46009
A33: 1032 | B33: Emeka | C33: Adebayo | D33: Male | E33: Sales | F33: Sales Executive | G33: Ibadan | H33: 148000 | I33: =_xlfn.XLOOKUP(F33,'Grade Bands'!$A$2:$A$31,'Grade Bands'!$B$2:$B$31,"Not Found") -> Officer | J33: =_xlfn.XLOOKUP(F33,'Grade Bands'!$A$2:$A$31,'Grade Bands'!$C$2:$C$31,"Not Found") -> 110000 | K33: =_xlfn.XLOOKUP(F33,'Grade Bands'!$A$2:$A$31,'Grade Bands'!$D$2:$D$31,"Not Found") -> 230000 | L33: =IF(AND(H33>=J33,H33<=K33),"Within Band","Outside Band") -> Within Band | M33: 1 | N33: 31757 | O33: Emeka Adebayo | P33: Active | Q33: 39 | R33: 6 | S33: 1776000 | T33: 43885
A34: 1033 | B34: Ella | C34: Adeleke | D34: Female | E34: Customer Service | F34: Team Lead | G34: Lagos | H34: 258000 | I34: =_xlfn.XLOOKUP(F34,'Grade Bands'!$A$2:$A$31,'Grade Bands'!$B$2:$B$31,"Not Found") -> Lead/Manager | J34: =_xlfn.XLOOKUP(F34,'Grade Bands'!$A$2:$A$31,'Grade Bands'!$C$2:$C$31,"Not Found") -> 360000 | K34: =_xlfn.XLOOKUP(F34,'Grade Bands'!$A$2:$A$31,'Grade Bands'!$D$2:$D$31,"Not Found") -> 650000 | L34: =IF(AND(H34>=J34,H34<=K34),"Within Band","Outside Band") -> Outside Band | M34: 5 | N34: 31240 | O34: Ella Adeleke | P34: Active | Q34: 41 | R34: 4 | S34: 3096000 | T34: 44485
A35: 1034 | B35: Chidi | C35: Okafor | D35: Male | E35: IT | F35: IT Support | G35: Ibadan | H35: 150000 | I35: =_xlfn.XLOOKUP(F35,'Grade Bands'!$A$2:$A$31,'Grade Bands'!$B$2:$B$31,"Not Found") -> Officer | J35: =_xlfn.XLOOKUP(F35,'Grade Bands'!$A$2:$A$31,'Grade Bands'!$C$2:$C$31,"Not Found") -> 110000 | K35: =_xlfn.XLOOKUP(F35,'Grade Bands'!$A$2:$A$31,'Grade Bands'!$D$2:$D$31,"Not Found") -> 230000 | L35: =IF(AND(H35>=J35,H35<=K35),"Within Band","Outside Band") -> Within Band | M35: 2 | N35: 32617 | O35: Chidi Okafor | P35: Active | Q35: 37 | R35: 5 | S35: 1800000 | T35: 44375
A36: 1035 | B36: Chibuike | C36: Okafor | D36: Male | E36: Human Resources | F36: HR Officer | G36: Lagos | H36: 141000 | I36: =_xlfn.XLOOKUP(F36,'Grade Bands'!$A$2:$A$31,'Grade Bands'!$B$2:$B$31,"Not Found") -> Officer | J36: =_xlfn.XLOOKUP(F36,'Grade Bands'!$A$2:$A$31,'Grade Bands'!$C$2:$C$31,"Not Found") -> 110000 | K36: =_xlfn.XLOOKUP(F36,'Grade Bands'!$A$2:$A$31,'Grade Bands'!$D$2:$D$31,"Not Found") -> 230000 | L36: =IF(AND(H36>=J36,H36<=K36),"Within Band","Outside Band") -> Within Band | M36: 3 | N36: 32100 | O36: Chibuike Okafor | P36: Active | Q36: 38 | R36: 9 | S36: 1692000 | T36: 42922
A37: 1036 | B37: Taiwo | C37: Abubakar | D37: Male | E37: Sales | F37: Sales Executive | G37: Port Harcourt | H37: 125000 | I37: =_xlfn.XLOOKUP(F37,'Grade Bands'!$A$2:$A$31,'Grade Bands'!$B$2:$B$31,"Not Found") -> Officer | J37: =_xlfn.XLOOKUP(F37,'Grade Bands'!$A$2:$A$31,'Grade Bands'!$C$2:$C$31,"Not Found") -> 110000 | K37: =_xlfn.XLOOKUP(F37,'Grade Bands'!$A$2:$A$31,'Grade Bands'!$D$2:$D$31,"Not Found") -> 230000 | L37: =IF(AND(H37>=J37,H37<=K37),"Within Band","Outside Band") -> Within Band | M37: 5 | N37: 34488 | O37: Taiwo Abubakar | P37: Exited | Q37: 32 | R37: 9 | S37: 1500000 | T37: 42387 | U37: 45716
A38: 1037 | B38: Blessing | C38: Suleiman | D38: Female | E38: Finance | F38: Finance Manager | G38: Abuja | H38: 482000 | I38: =_xlfn.XLOOKUP(F38,'Grade Bands'!$A$2:$A$31,'Grade Bands'!$B$2:$B$31,"Not Found") -> Lead/Manager | J38: =_xlfn.XLOOKUP(F38,'Grade Bands'!$A$2:$A$31,'Grade Bands'!$C$2:$C$31,"Not Found") -> 360000 | K38: =_xlfn.XLOOKUP(F38,'Grade Bands'!$A$2:$A$31,'Grade Bands'!$D$2:$D$31,"Not Found") -> 650000 | L38: =IF(AND(H38>=J38,H38<=K38),"Within Band","Outside Band") -> Within Band | M38: 3 | N38: 37156 | O38: Blessing Suleiman | P38: Active | Q38: 24 | R38: 8 | S38: 5784000 | T38: 43172
A39: 1038 | B39: Hauwa | C39: Anyanwu | D39: Female | E39: IT | F39: Software Developer | G39: Port Harcourt | H39: 177000 | I39: =_xlfn.XLOOKUP(F39,'Grade Bands'!$A$2:$A$31,'Grade Bands'!$B$2:$B$31,"Not Found") -> Senior | J39: =_xlfn.XLOOKUP(F39,'Grade Bands'!$A$2:$A$31,'Grade Bands'!$C$2:$C$31,"Not Found") -> 220000 | K39: =_xlfn.XLOOKUP(F39,'Grade Bands'!$A$2:$A$31,'Grade Bands'!$D$2:$D$31,"Not Found") -> 360000 | L39: =IF(AND(H39>=J39,H39<=K39),"Within Band","Outside Band") -> Outside Band | M39: 2 | N39: 32622 | O39: Hauwa Anyanwu | P39: Active | Q39: 37 | R39: 9 | S39: 2124000 | T39: 42682
A40: 1039 | B40: Rotimi | C40: Olawale | D40: Male | E40: Logistics | F40: Dispatch Officer | G40: Abuja | H40: 155000 | I40: =_xlfn.XLOOKUP(F40,'Grade Bands'!$A$2:$A$31,'Grade Bands'!$B$2:$B$31,"Not Found") -> Officer | J40: =_xlfn.XLOOKUP(F40,'Grade Bands'!$A$2:$A$31,'Grade Bands'!$C$2:$C$31,"Not Found") -> 110000 | K40: =_xlfn.XLOOKUP(F40,'Grade Bands'!$A$2:$A$31,'Grade Bands'!$D$2:$D$31,"Not Found") -> 230000 | L40: =IF(AND(H40>=J40,H40<=K40),"Within Band","Outside Band") -> Within Band | M40: 5 | N40: 28820 | O40: Rotimi Olawale | P40: Active | Q40: 47 | R40: 8 | S40: 1860000 | T40: 43155
A41: 1040 | B41: Chiamaka | C41: Adebayo | D41: Female | E41: Sales | F41: Sales Executive | G41: Lagos | H41: 151000 | I41: =_xlfn.XLOOKUP(F41,'Grade Bands'!$A$2:$A$31,'Grade Bands'!$B$2:$B$31,"Not Found") -> Officer | J41: =_xlfn.XLOOKUP(F41,'Grade Bands'!$A$2:$A$31,'Grade Bands'!$C$2:$C$31,"Not Found") -> 110000 | K41: =_xlfn.XLOOKUP(F41,'Grade Bands'!$A$2:$A$31,'Grade Bands'!$D$2:$D$31,"Not Found") -> 230000 | L41: =IF(AND(H41>=J41,H41<=K41),"Within Band","Outside Band") -> Within Band | M41: 3 | N41: 36658 | O41: Chiamaka Adebayo | P41: Active | Q41: 26 | R41: 4 | S41: 1812000 | T41: 44523
A42: 1041 | B42: Halima | C42: Olawale | D42: Female | E42: Customer Service | F42: Support Agent | G42: Abuja | H42: 185000 | I42: =_xlfn.XLOOKUP(F42,'Grade Bands'!$A$2:$A$31,'Grade Bands'!$B$2:$B$31,"Not Found") -> Officer | J42: =_xlfn.XLOOKUP(F42,'Grade Bands'!$A$2:$A$31,'Grade Bands'!$C$2:$C$31,"Not Found") -> 110000 | K42: =_xlfn.XLOOKUP(F42,'Grade Bands'!$A$2:$A$31,'Grade Bands'!$D$2:$D$31,"Not Found") -> 230000 | L42: =IF(AND(H42>=J42,H42<=K42),"Within Band","Outside Band") -> Within Band | M42: 2 | N42: 29452 | O42: Halima Olawale | P42: Exited | Q42: 45 | R42: 8 | S42: 2220000 | T42: 42636 | U42: 45574
A43: 1042 | B43: Bukola | C43: Nwosu | D43: Female | E43: Customer Service | F43: Support Agent | G43: Lagos | H43: 158000 | I43: =_xlfn.XLOOKUP(F43,'Grade Bands'!$A$2:$A$31,'Grade Bands'!$B$2:$B$31,"Not Found") -> Officer | J43: =_xlfn.XLOOKUP(F43,'Grade Bands'!$A$2:$A$31,'Grade Bands'!$C$2:$C$31,"Not Found") -> 110000 | K43: =_xlfn.XLOOKUP(F43,'Grade Bands'!$A$2:$A$31,'Grade Bands'!$D$2:$D$31,"Not Found") -> 230000 | L43: =IF(AND(H43>=J43,H43<=K43),"Within Band","Outside Band") -> Within Band | M43: 5 | N43: 35543 | O43: Bukola Nwosu | P43: Active | Q43: 29 | R43: 9 | S43: 1896000 | T43: 42943
A44: 1043 | B44: Kunle | C44: Ojo | D44: Male | E44: IT | F44: IT Support | G44: Port Harcourt | H44: 120000 | I44: =_xlfn.XLOOKUP(F44,'Grade Bands'!$A$2:$A$31,'Grade Bands'!$B$2:$B$31,"Not Found") -> Officer | J44: =_xlfn.XLOOKUP(F44,'Grade Bands'!$A$2:$A$31,'Grade Bands'!$C$2:$C$31,"Not Found") -> 110000 | K44: =_xlfn.XLOOKUP(F44,'Grade Bands'!$A$2:$A$31,'Grade Bands'!$D$2:$D$31,"Not Found") -> 230000 | L44: =IF(AND(H44>=J44,H44<=K44),"Within Band","Outside Band") -> Within Band | M44: 5 | N44: 36753 | O44: Kunle Ojo | P44: Active | Q44: 25 | R44: 7 | S44: 1440000 | T44: 43606
A45: 1044 | B45: Nnamdi | C45: Adeyemi | D45: Male | E45: Marketing | F45: Marketing Officer | G45: Abuja | H45: 176000 | I45: =_xlfn.XLOOKUP(F45,'Grade Bands'!$A$2:$A$31,'Grade Bands'!$B$2:$B$31,"Not Found") -> Officer | J45: =_xlfn.XLOOKUP(F45,'Grade Bands'!$A$2:$A$31,'Grade Bands'!$C$2:$C$31,"Not Found") -> 110000 | K45: =_xlfn.XLOOKUP(F45,'Grade Bands'!$A$2:$A$31,'Grade Bands'!$D$2:$D$31,"Not Found") -> 230000 | L45: =IF(AND(H45>=J45,H45<=K45),"Within Band","Outside Band") -> Within Band | M45: 3 | N45: 28181 | O45: Nnamdi Adeyemi | P45: Exited | Q45: 49 | R45: 1 | S45: 2112000 | T45: 45109 | U45: 45639
A46: 1045 | B46: Efe | C46: Adeyemi | D46: Male | E46: Sales | F46: Sales Executive | G46: Kano | H46: 113000 | I46: =_xlfn.XLOOKUP(F46,'Grade Bands'!$A$2:$A$31,'Grade Bands'!$B$2:$B$31,"Not Found") -> Officer | J46: =_xlfn.XLOOKUP(F46,'Grade Bands'!$A$2:$A$31,'Grade Bands'!$C$2:$C$31,"Not Found") -> 110000 | K46: =_xlfn.XLOOKUP(F46,'Grade Bands'!$A$2:$A$31,'Grade Bands'!$D$2:$D$31,"Not Found") -> 230000 | L46: =IF(AND(H46>=J46,H46<=K46),"Within Band","Outside Band") -> Within Band | M46: 4 | N46: 32768 | O46: Efe Adeyemi | P46: Active | Q46: 36 | R46: 2 | S46: 1356000 | T46: 45429
A47: 1046 | B47: Kemi | C47: Nwosu | D47: Female | E47: IT | F47: IT Support | G47: Lagos | H47: 174000 | I47: =_xlfn.XLOOKUP(F47,'Grade Bands'!$A$2:$A$31,'Grade Bands'!$B$2:$B$31,"Not Found") -> Officer | J47: =_xlfn.XLOOKUP(F47,'Grade Bands'!$A$2:$A$31,'Grade Bands'!$C$2:$C$31,"Not Found") -> 110000 | K47: =_xlfn.XLOOKUP(F47,'Grade Bands'!$A$2:$A$31,'Grade Bands'!$D$2:$D$31,"Not Found") -> 230000 | L47: =IF(AND(H47>=J47,H47<=K47),"Within Band","Outside Band") -> Within Band | M47: 4 | N47: 27725 | O47: Kemi Nwosu | P47: Active | Q47: 50 | R47: 6 | S47: 2088000 | T47: 43760
A48: 1047 | B48: Taiwo | C48: Bello | D48: Male | E48: Finance | F48: Accountant | G48: Kano | H48: 157000 | I48: =_xlfn.XLOOKUP(F48,'Grade Bands'!$A$2:$A$31,'Grade Bands'!$B$2:$B$31,"Not Found") -> Officer | J48: =_xlfn.XLOOKUP(F48,'Grade Bands'!$A$2:$A$31,'Grade Bands'!$C$2:$C$31,"Not Found") -> 110000 | K48: =_xlfn.XLOOKUP(F48,'Grade Bands'!$A$2:$A$31,'Grade Bands'!$D$2:$D$31,"Not Found") -> 230000 | L48: =IF(AND(H48>=J48,H48<=K48),"Within Band","Outside Band") -> Within Band | M48: 4 | N48: 31474 | O48: Taiwo Bello | P48: Active | Q48: 40 | R48: 1 | S48: 1884000 | T48: 45636
A49: 1048 | B49: Chibuike | C49: Ibrahim | D49: Male | E49: Marketing | F49: Marketing Officer | G49: Lagos | H49: 177000 | I49: =_xlfn.XLOOKUP(F49,'Grade Bands'!$A$2:$A$31,'Grade Bands'!$B$2:$B$31,"Not Found") -> Officer | J49: =_xlfn.XLOOKUP(F49,'Grade Bands'!$A$2:$A$31,'Grade Bands'!$C$2:$C$31,"Not Found") -> 110000 | K49: =_xlfn.XLOOKUP(F49,'Grade Bands'!$A$2:$A$31,'Grade Bands'!$D$2:$D$31,"Not Found") -> 230000 | L49: =IF(AND(H49>=J49,H49<=K49),"Within Band","Outside Band") -> Within Band | M49: 3 | N49: 33382 | O49: Chibuike Ibrahim | P49: Active | Q49: 35 | R49: 9 | S49: 2124000 | T49: 42717
A50: 1049 | B50: Rotimi | C50: Suleiman | D50: Male | E50: Customer Service | F50: Support Agent | G50: Ibadan | H50: 169000 | I50: =_xlfn.XLOOKUP(F50,'Grade Bands'!$A$2:$A$31,'Grade Bands'!$B$2:$B$31,"Not Found") -> Officer | J50: =_xlfn.XLOOKUP(F50,'Grade Bands'!$A$2:$A$31,'Grade Bands'!$C$2:$C$31,"Not Found") -> 110000 | K50: =_xlfn.XLOOKUP(F50,'Grade Bands'!$A$2:$A$31,'Grade Bands'!$D$2:$D$31,"Not Found") -> 230000 | L50: =IF(AND(H50>=J50,H50<=K50),"Within Band","Outside Band") -> Within Band | M50: 2 | N50: 28353 | O50: Rotimi Suleiman | P50: Active | Q50: 48 | R50: 5 | S50: 2028000 | T50: 44377
A51: 1050 | B51: Nonso | C51: Onyeka | D51: Male | E51: Finance | F51: Accountant | G51: Abuja | H51: 166000 | I51: =_xlfn.XLOOKUP(F51,'Grade Bands'!$A$2:$A$31,'Grade Bands'!$B$2:$B$31,"Not Found") -> Officer | J51: =_xlfn.XLOOKUP(F51,'Grade Bands'!$A$2:$A$31,'Grade Bands'!$C$2:$C$31,"Not Found") -> 110000 | K51: =_xlfn.XLOOKUP(F51,'Grade Bands'!$A$2:$A$31,'Grade Bands'!$D$2:$D$31,"Not Found") -> 230000 | L51: =IF(AND(H51>=J51,H51<=K51),"Within Band","Outside Band") -> Within Band | M51: 4 | N51: 34151 | O51: Nonso Onyeka | P51: Exited | Q51: 33 | R51: 1 | S51: 1992000 | T51: 45308 | U51: 45721
A52: 1051 | B52: Gbenga | C52: Adeyemi | D52: Male | E52: Finance | F52: Accounts Officer | G52: Lagos | H52: 223000 | I52: =_xlfn.XLOOKUP(F52,'Grade Bands'!$A$2:$A$31,'Grade Bands'!$B$2:$B$31,"Not Found") -> Officer | J52: =_xlfn.XLOOKUP(F52,'Grade Bands'!$A$2:$A$31,'Grade Bands'!$C$2:$C$31,"Not Found") -> 110000 | K52: =_xlfn.XLOOKUP(F52,'Grade Bands'!$A$2:$A$31,'Grade Bands'!$D$2:$D$31,"Not Found") -> 230000 | L52: =IF(AND(H52>=J52,H52<=K52),"Within Band","Outside Band") -> Within Band | M52: 3 | N52: 37081 | O52: Gbenga Adeyemi | P52: Exited | Q52: 25 | R52: 3 | S52: 2676000 | T52: 43804 | U52: 45212
A53: 1052 | B53: Segun | C53: Suleiman | D53: Male | E53: Marketing | F53: Marketing Officer | G53: Port Harcourt | H53: 129000 | I53: =_xlfn.XLOOKUP(F53,'Grade Bands'!$A$2:$A$31,'Grade Bands'!$B$2:$B$31,"Not Found") -> Officer | J53: =_xlfn.XLOOKUP(F53,'Grade Bands'!$A$2:$A$31,'Grade Bands'!$C$2:$C$31,"Not Found") -> 110000 | K53: =_xlfn.XLOOKUP(F53,'Grade Bands'!$A$2:$A$31,'Grade Bands'!$D$2:$D$31,"Not Found") -> 230000 | L53: =IF(AND(H53>=J53,H53<=K53),"Within Band","Outside Band") -> Within Band | M53: 5 | N53: 34329 | O53: Segun Suleiman | P53: Active | Q53: 32 | R53: 2 | S53: 1548000 | T53: 45224
A54: 1053 | B54: Uchechi | C54: Ekwueme | D54: Female | E54: Sales | F54: Sales Executive | G54: Lagos | H54: 170000 | I54: =_xlfn.XLOOKUP(F54,'Grade Bands'!$A$2:$A$31,'Grade Bands'!$B$2:$B$31,"Not Found") -> Officer | J54: =_xlfn.XLOOKUP(F54,'Grade Bands'!$A$2:$A$31,'Grade Bands'!$C$2:$C$31,"Not Found") -> 110000 | K54: =_xlfn.XLOOKUP(F54,'Grade Bands'!$A$2:$A$31,'Grade Bands'!$D$2:$D$31,"Not Found") -> 230000 | L54: =IF(AND(H54>=J54,H54<=K54),"Within Band","Outside Band") -> Within Band | M54: 4 | N54: 29528 | O54: Uchechi Ekwueme | P54: Active | Q54: 45 | R54: 5 | S54: 2040000 | T54: 44245
A55: 1054 | B55: Damilola | C55: Mohammed | D55: Male | E55: Sales | F55: Sales Executive | G55: Port Harcourt | H55: 154000 | I55: =_xlfn.XLOOKUP(F55,'Grade Bands'!$A$2:$A$31,'Grade Bands'!$B$2:$B$31,"Not Found") -> Officer | J55: =_xlfn.XLOOKUP(F55,'Grade Bands'!$A$2:$A$31,'Grade Bands'!$C$2:$C$31,"Not Found") -> 110000 | K55: =_xlfn.XLOOKUP(F55,'Grade Bands'!$A$2:$A$31,'Grade Bands'!$D$2:$D$31,"Not Found") -> 230000 | L55: =IF(AND(H55>=J55,H55<=K55),"Within Band","Outside Band") -> Within Band | M55: 4 | N55: 31738 | O55: Damilola Mohammed | P55: Exited | Q55: 39 | R55: 2 | S55: 1848000 | T55: 43515 | U55: 44530
A56: 1055 | B56: Chibuike | C56: Mohammed | D56: Male | E56: Human Resources | F56: HR Business Partner | G56: Lagos | H56: 277000 | I56: =_xlfn.XLOOKUP(F56,'Grade Bands'!$A$2:$A$31,'Grade Bands'!$B$2:$B$31,"Not Found") -> Lead/Manager | J56: =_xlfn.XLOOKUP(F56,'Grade Bands'!$A$2:$A$31,'Grade Bands'!$C$2:$C$31,"Not Found") -> 360000 | K56: =_xlfn.XLOOKUP(F56,'Grade Bands'!$A$2:$A$31,'Grade Bands'!$D$2:$D$31,"Not Found") -> 650000 | L56: =IF(AND(H56>=J56,H56<=K56),"Within Band","Outside Band") -> Outside Band | M56: 5 | N56: 28181 | O56: Chibuike Mohammed | P56: Active | Q56: 49 | R56: 1 | S56: 3324000 | T56: 45537
A57: 1056 | B57: Rotimi | C57: Afolabi | D57: Male | E57: Marketing | F57: Content Strategist | G57: Abuja | H57: 162000 | I57: =_xlfn.XLOOKUP(F57,'Grade Bands'!$A$2:$A$31,'Grade Bands'!$B$2:$B$31,"Not Found") -> Senior | J57: =_xlfn.XLOOKUP(F57,'Grade Bands'!$A$2:$A$31,'Grade Bands'!$C$2:$C$31,"Not Found") -> 220000 | K57: =_xlfn.XLOOKUP(F57,'Grade Bands'!$A$2:$A$31,'Grade Bands'!$D$2:$D$31,"Not Found") -> 360000 | L57: =IF(AND(H57>=J57,H57<=K57),"Within Band","Outside Band") -> Outside Band | M57: 2 | N57: 33823 | O57: Rotimi Afolabi | P57: Active | Q57: 33 | R57: 5 | S57: 1944000 | T57: 44183
A58: 1057 | B58: Ronke | C58: Ibrahim | D58: Female | E58: Operations | F58: Operations Officer | G58: Port Harcourt | H58: 165000 | I58: =_xlfn.XLOOKUP(F58,'Grade Bands'!$A$2:$A$31,'Grade Bands'!$B$2:$B$31,"Not Found") -> Officer | J58: =_xlfn.XLOOKUP(F58,'Grade Bands'!$A$2:$A$31,'Grade Bands'!$C$2:$C$31,"Not Found") -> 110000 | K58: =_xlfn.XLOOKUP(F58,'Grade Bands'!$A$2:$A$31,'Grade Bands'!$D$2:$D$31,"Not Found") -> 230000 | L58: =IF(AND(H58>=J58,H58<=K58),"Within Band","Outside Band") -> Within Band | M58: 5 | N58: 30082 | O58: Ronke Ibrahim | P58: Active | Q58: 44 | R58: 8 | S58: 1980000 | T58: 42988
A59: 1058 | B59: Ella | C59: Suleiman | D59: Female | E59: Human Resources | F59: HR Officer | G59: Lagos | H59: 179000 | I59: =_xlfn.XLOOKUP(F59,'Grade Bands'!$A$2:$A$31,'Grade Bands'!$B$2:$B$31,"Not Found") -> Officer | J59: =_xlfn.XLOOKUP(F59,'Grade Bands'!$A$2:$A$31,'Grade Bands'!$C$2:$C$31,"Not Found") -> 110000 | K59: =_xlfn.XLOOKUP(F59,'Grade Bands'!$A$2:$A$31,'Grade Bands'!$D$2:$D$31,"Not Found") -> 230000 | L59: =IF(AND(H59>=J59,H59<=K59),"Within Band","Outside Band") -> Within Band | M59: 4 | N59: 31625 | O59: Ella Suleiman | P59: Active | Q59: 40 | R59: 6 | S59: 2148000 | T59: 43811
A60: 1059 | B60: Musa | C60: Mohammed | D60: Male | E60: Human Resources | F60: HR Business Partner | G60: Lagos | H60: 283000 | I60: =_xlfn.XLOOKUP(F60,'Grade Bands'!$A$2:$A$31,'Grade Bands'!$B$2:$B$31,"Not Found") -> Lead/Manager | J60: =_xlfn.XLOOKUP(F60,'Grade Bands'!$A$2:$A$31,'Grade Bands'!$C$2:$C$31,"Not Found") -> 360000 | K60: =_xlfn.XLOOKUP(F60,'Grade Bands'!$A$2:$A$31,'Grade Bands'!$D$2:$D$31,"Not Found") -> 650000 | L60: =IF(AND(H60>=J60,H60<=K60),"Within Band","Outside Band") -> Outside Band | M60: 4 | N60: 29621 | O60: Musa Mohammed | P60: Active | Q60: 45 | R60: 9 | S60: 3396000 | T60: 42786
A61: 1060 | B61: Nonso | C61: Adeleke | D61: Male | E61: Logistics | F61: Dispatch Officer | G61: Abuja | H61: 130000 | I61: =_xlfn.XLOOKUP(F61,'Grade Bands'!$A$2:$A$31,'Grade Bands'!$B$2:$B$31,"Not Found") -> Officer | J61: =_xlfn.XLOOKUP(F61,'Grade Bands'!$A$2:$A$31,'Grade Bands'!$C$2:$C$31,"Not Found") -> 110000 | K61: =_xlfn.XLOOKUP(F61,'Grade Bands'!$A$2:$A$31,'Grade Bands'!$D$2:$D$31,"Not Found") -> 230000 | L61: =IF(AND(H61>=J61,H61<=K61),"Within Band","Outside Band") -> Within Band | M61: 2 | N61: 31168 | O61: Nonso Adeleke | P61: Exited | Q61: 41 | R61: 2 | S61: 1560000 | T61: 45059 | U61: 45935
A62: 1061 | B62: Chinedu | C62: Aliyu | D62: Male | E62: Logistics | F62: Logistics Manager | G62: Abuja | H62: 426000 | I62: =_xlfn.XLOOKUP(F62,'Grade Bands'!$A$2:$A$31,'Grade Bands'!$B$2:$B$31,"Not Found") -> Lead/Manager | J62: =_xlfn.XLOOKUP(F62,'Grade Bands'!$A$2:$A$31,'Grade Bands'!$C$2:$C$31,"Not Found") -> 360000 | K62: =_xlfn.XLOOKUP(F62,'Grade Bands'!$A$2:$A$31,'Grade Bands'!$D$2:$D$31,"Not Found") -> 650000 | L62: =IF(AND(H62>=J62,H62<=K62),"Within Band","Outside Band") -> Within Band | M62: 4 | N62: 33747 | O62: Chinedu Aliyu | P62: Active | Q62: 34 | R62: 4 | S62: 5112000 | T62: 44574
A63: 1062 | B63: Ngozi | C63: Danjuma | D63: Female | E63: Human Resources | F63: Recruiter | G63: Abuja | H63: 165000 | I63: =_xlfn.XLOOKUP(F63,'Grade Bands'!$A$2:$A$31,'Grade Bands'!$B$2:$B$31,"Not Found") -> Officer | J63: =_xlfn.XLOOKUP(F63,'Grade Bands'!$A$2:$A$31,'Grade Bands'!$C$2:$C$31,"Not Found") -> 110000 | K63: =_xlfn.XLOOKUP(F63,'Grade Bands'!$A$2:$A$31,'Grade Bands'!$D$2:$D$31,"Not Found") -> 230000 | L63: =IF(AND(H63>=J63,H63<=K63),"Within Band","Outside Band") -> Within Band | M63: 3 | N63: 30456 | O63: Ngozi Danjuma | P63: Active | Q63: 43 | R63: 4 | S63: 1980000 | T63: 44488
A64: 1063 | B64: Tunde | C64: Aliyu | D64: Male | E64: IT | F64: IT Manager | G64: Lagos | H64: 504000 | I64: =_xlfn.XLOOKUP(F64,'Grade Bands'!$A$2:$A$31,'Grade Bands'!$B$2:$B$31,"Not Found") -> Lead/Manager | J64: =_xlfn.XLOOKUP(F64,'Grade Bands'!$A$2:$A$31,'Grade Bands'!$C$2:$C$31,"Not Found") -> 360000 | K64: =_xlfn.XLOOKUP(F64,'Grade Bands'!$A$2:$A$31,'Grade Bands'!$D$2:$D$31,"Not Found") -> 650000 | L64: =IF(AND(H64>=J64,H64<=K64),"Within Band","Outside Band") -> Within Band | M64: 2 | N64: 28586 | O64: Tunde Aliyu | P64: Active | Q64: 48 | R64: 4 | S64: 6048000 | T64: 44644
A65: 1064 | B65: Segun | C65: Oladele | D65: Male | E65: Marketing | F65: Content Strategist | G65: Abuja | H65: 154000 | I65: =_xlfn.XLOOKUP(F65,'Grade Bands'!$A$2:$A$31,'Grade Bands'!$B$2:$B$31,"Not Found") -> Senior | J65: =_xlfn.XLOOKUP(F65,'Grade Bands'!$A$2:$A$31,'Grade Bands'!$C$2:$C$31,"Not Found") -> 220000 | K65: =_xlfn.XLOOKUP(F65,'Grade Bands'!$A$2:$A$31,'Grade Bands'!$D$2:$D$31,"Not Found") -> 360000 | L65: =IF(AND(H65>=J65,H65<=K65),"Within Band","Outside Band") -> Outside Band | M65: 3 | N65: 28294 | O65: Segun Oladele | P65: Active | Q65: 49 | R65: 2 | S65: 1848000 | T65: 45383
A66: 1065 | B66: Bukola | C66: Adeyemi | D66: Female | E66: Sales | F66: Sales Executive | G66: Kano | H66: 133000 | I66: =_xlfn.XLOOKUP(F66,'Grade Bands'!$A$2:$A$31,'Grade Bands'!$B$2:$B$31,"Not Found") -> Officer | J66: =_xlfn.XLOOKUP(F66,'Grade Bands'!$A$2:$A$31,'Grade Bands'!$C$2:$C$31,"Not Found") -> 110000 | K66: =_xlfn.XLOOKUP(F66,'Grade Bands'!$A$2:$A$31,'Grade Bands'!$D$2:$D$31,"Not Found") -> 230000 | L66: =IF(AND(H66>=J66,H66<=K66),"Within Band","Outside Band") -> Within Band | M66: 1 | N66: 32000 | O66: Bukola Adeyemi | P66: Active | Q66: 38 | R66: 7 | S66: 1596000 | T66: 43658
A67: 1066 | B67: Damola | C67: Adeleke | D67: Female | E67: Finance | F67: Accounts Officer | G67: Lagos | H67: 215000 | I67: =_xlfn.XLOOKUP(F67,'Grade Bands'!$A$2:$A$31,'Grade Bands'!$B$2:$B$31,"Not Found") -> Officer | J67: =_xlfn.XLOOKUP(F67,'Grade Bands'!$A$2:$A$31,'Grade Bands'!$C$2:$C$31,"Not Found") -> 110000 | K67: =_xlfn.XLOOKUP(F67,'Grade Bands'!$A$2:$A$31,'Grade Bands'!$D$2:$D$31,"Not Found") -> 230000 | L67: =IF(AND(H67>=J67,H67<=K67),"Within Band","Outside Band") -> Within Band | M67: 4 | N67: 35419 | O67: Damola Adeleke | P67: Exited | Q67: 29 | R67: 7 | S67: 2580000 | T67: 42602 | U67: 45250
A68: 1067 | B68: Ifeanyi | C68: Adeleke | D68: Male | E68: Finance | F68: Accounts Officer | G68: Port Harcourt | H68: 177000 | I68: =_xlfn.XLOOKUP(F68,'Grade Bands'!$A$2:$A$31,'Grade Bands'!$B$2:$B$31,"Not Found") -> Officer | J68: =_xlfn.XLOOKUP(F68,'Grade Bands'!$A$2:$A$31,'Grade Bands'!$C$2:$C$31,"Not Found") -> 110000 | K68: =_xlfn.XLOOKUP(F68,'Grade Bands'!$A$2:$A$31,'Grade Bands'!$D$2:$D$31,"Not Found") -> 230000 | L68: =IF(AND(H68>=J68,H68<=K68),"Within Band","Outside Band") -> Within Band | M68: 3 | N68: 28467 | O68: Ifeanyi Adeleke | P68: Active | Q68: 48 | R68: 7 | S68: 2124000 | T68: 43573
A69: 1068 | B69: Kunle | C69: Chukwu | D69: Male | E69: Operations | F69: Operations Officer | G69: Abuja | H69: 122000 | I69: =_xlfn.XLOOKUP(F69,'Grade Bands'!$A$2:$A$31,'Grade Bands'!$B$2:$B$31,"Not Found") -> Officer | J69: =_xlfn.XLOOKUP(F69,'Grade Bands'!$A$2:$A$31,'Grade Bands'!$C$2:$C$31,"Not Found") -> 110000 | K69: =_xlfn.XLOOKUP(F69,'Grade Bands'!$A$2:$A$31,'Grade Bands'!$D$2:$D$31,"Not Found") -> 230000 | L69: =IF(AND(H69>=J69,H69<=K69),"Within Band","Outside Band") -> Within Band | M69: 4 | N69: 34672 | O69: Kunle Chukwu | P69: Active | Q69: 31 | R69: 6 | S69: 1464000 | T69: 44018
A70: 1069 | B70: Ikenna | C70: Ibrahim | D70: Male | E70: IT | F70: IT Support | G70: Lagos | H70: 154000 | I70: =_xlfn.XLOOKUP(F70,'Grade Bands'!$A$2:$A$31,'Grade Bands'!$B$2:$B$31,"Not Found") -> Officer | J70: =_xlfn.XLOOKUP(F70,'Grade Bands'!$A$2:$A$31,'Grade Bands'!$C$2:$C$31,"Not Found") -> 110000 | K70: =_xlfn.XLOOKUP(F70,'Grade Bands'!$A$2:$A$31,'Grade Bands'!$D$2:$D$31,"Not Found") -> 230000 | L70: =IF(AND(H70>=J70,H70<=K70),"Within Band","Outside Band") -> Within Band | M70: 3 | N70: 30062 | O70: Ikenna Ibrahim | P70: Active | Q70: 44 | R70: 3 | S70: 1848000 | T70: 44900
A71: 1070 | B71: Musa | C71: Suleiman | D71: Male | E71: Marketing | F71: Marketing Officer | G71: Port Harcourt | H71: 131000 | I71: =_xlfn.XLOOKUP(F71,'Grade Bands'!$A$2:$A$31,'Grade Bands'!$B$2:$B$31,"Not Found") -> Officer | J71: =_xlfn.XLOOKUP(F71,'Grade Bands'!$A$2:$A$31,'Grade Bands'!$C$2:$C$31,"Not Found") -> 110000 | K71: =_xlfn.XLOOKUP(F71,'Grade Bands'!$A$2:$A$31,'Grade Bands'!$D$2:$D$31,"Not Found") -> 230000 | L71: =IF(AND(H71>=J71,H71<=K71),"Within Band","Outside Band") -> Within Band | M71: 3 | N71: 30546 | O71: Musa Suleiman | P71: Exited | Q71: 42 | R71: 4 | S71: 1572000 | T71: 43631 | U71: 45393
A72: 1071 | B72: Obinna | C72: Okonkwo | D72: Male | E72: Sales | F72: Sales Executive | G72: Lagos | H72: 214000 | I72: =_xlfn.XLOOKUP(F72,'Grade Bands'!$A$2:$A$31,'Grade Bands'!$B$2:$B$31,"Not Found") -> Officer | J72: =_xlfn.XLOOKUP(F72,'Grade Bands'!$A$2:$A$31,'Grade Bands'!$C$2:$C$31,"Not Found") -> 110000 | K72: =_xlfn.XLOOKUP(F72,'Grade Bands'!$A$2:$A$31,'Grade Bands'!$D$2:$D$31,"Not Found") -> 230000 | L72: =IF(AND(H72>=J72,H72<=K72),"Within Band","Outside Band") -> Within Band | M72: 4 | N72: 31058 | O72: Obinna Okonkwo | P72: Active | Q72: 41 | R72: 3 | S72: 2568000 | T72: 44799
A73: 1072 | B73: Sade | C73: Adeyemi | D73: Female | E73: Operations | F73: Operations Officer | G73: Port Harcourt | H73: 151000 | I73: =_xlfn.XLOOKUP(F73,'Grade Bands'!$A$2:$A$31,'Grade Bands'!$B$2:$B$31,"Not Found") -> Officer | J73: =_xlfn.XLOOKUP(F73,'Grade Bands'!$A$2:$A$31,'Grade Bands'!$C$2:$C$31,"Not Found") -> 110000 | K73: =_xlfn.XLOOKUP(F73,'Grade Bands'!$A$2:$A$31,'Grade Bands'!$D$2:$D$31,"Not Found") -> 230000 | L73: =IF(AND(H73>=J73,H73<=K73),"Within Band","Outside Band") -> Within Band | M73: 5 | N73: 34106 | O73: Sade Adeyemi | P73: Active | Q73: 33 | R73: 8 | S73: 1812000 | T73: 43181
A74: 1073 | B74: Funke | C74: Suleiman | D74: Female | E74: IT | F74: Software Developer | G74: Kano | H74: 175000 | I74: =_xlfn.XLOOKUP(F74,'Grade Bands'!$A$2:$A$31,'Grade Bands'!$B$2:$B$31,"Not Found") -> Senior | J74: =_xlfn.XLOOKUP(F74,'Grade Bands'!$A$2:$A$31,'Grade Bands'!$C$2:$C$31,"Not Found") -> 220000 | K74: =_xlfn.XLOOKUP(F74,'Grade Bands'!$A$2:$A$31,'Grade Bands'!$D$2:$D$31,"Not Found") -> 360000 | L74: =IF(AND(H74>=J74,H74<=K74),"Within Band","Outside Band") -> Outside Band | M74: 4 | N74: 30703 | O74: Funke Suleiman | P74: Active | Q74: 42 | R74: 7 | S74: 2100000 | T74: 43368
A75: 1074 | B75: Folake | C75: Balogun | D75: Female | E75: Marketing | F75: Brand Executive | G75: Kano | H75: 262000 | I75: =_xlfn.XLOOKUP(F75,'Grade Bands'!$A$2:$A$31,'Grade Bands'!$B$2:$B$31,"Not Found") -> Officer | J75: =_xlfn.XLOOKUP(F75,'Grade Bands'!$A$2:$A$31,'Grade Bands'!$C$2:$C$31,"Not Found") -> 110000 | K75: =_xlfn.XLOOKUP(F75,'Grade Bands'!$A$2:$A$31,'Grade Bands'!$D$2:$D$31,"Not Found") -> 230000 | L75: =IF(AND(H75>=J75,H75<=K75),"Within Band","Outside Band") -> Outside Band | M75: 4 | N75: 32514 | O75: Folake Balogun | P75: Active | Q75: 37 | R75: 2 | S75: 3144000 | T75: 45472
A76: 1075 | B76: Adaeze | C76: Akinyemi | D76: Female | E76: Marketing | F76: Marketing Manager | G76: Ibadan | H76: 432000 | I76: =_xlfn.XLOOKUP(F76,'Grade Bands'!$A$2:$A$31,'Grade Bands'!$B$2:$B$31,"Not Found") -> Lead/Manager | J76: =_xlfn.XLOOKUP(F76,'Grade Bands'!$A$2:$A$31,'Grade Bands'!$C$2:$C$31,"Not Found") -> 360000 | K76: =_xlfn.XLOOKUP(F76,'Grade Bands'!$A$2:$A$31,'Grade Bands'!$D$2:$D$31,"Not Found") -> 650000 | L76: =IF(AND(H76>=J76,H76<=K76),"Within Band","Outside Band") -> Within Band | M76: 1 | N76: 34874 | O76: Adaeze Akinyemi | P76: Active | Q76: 31 | R76: 9 | S76: 5184000 | T76: 42586
A77: 1076 | B77: Amaka | C77: Nwosu | D77: Female | E77: Customer Service | F77: Support Agent | G77: Kano | H77: 201000 | I77: =_xlfn.XLOOKUP(F77,'Grade Bands'!$A$2:$A$31,'Grade Bands'!$B$2:$B$31,"Not Found") -> Officer | J77: =_xlfn.XLOOKUP(F77,'Grade Bands'!$A$2:$A$31,'Grade Bands'!$C$2:$C$31,"Not Found") -> 110000 | K77: =_xlfn.XLOOKUP(F77,'Grade Bands'!$A$2:$A$31,'Grade Bands'!$D$2:$D$31,"Not Found") -> 230000 | L77: =IF(AND(H77>=J77,H77<=K77),"Within Band","Outside Band") -> Within Band | M77: 4 | N77: 28831 | O77: Amaka Nwosu | P77: Active | Q77: 47 | R77: 5 | S77: 2412000 | T77: 44137
A78: 1077 | B78: Folake | C78: Nwachukwu | D78: Female | E78: Customer Service | F78: Support Agent | G78: Ibadan | H78: 114000 | I78: =_xlfn.XLOOKUP(F78,'Grade Bands'!$A$2:$A$31,'Grade Bands'!$B$2:$B$31,"Not Found") -> Officer | J78: =_xlfn.XLOOKUP(F78,'Grade Bands'!$A$2:$A$31,'Grade Bands'!$C$2:$C$31,"Not Found") -> 110000 | K78: =_xlfn.XLOOKUP(F78,'Grade Bands'!$A$2:$A$31,'Grade Bands'!$D$2:$D$31,"Not Found") -> 230000 | L78: =IF(AND(H78>=J78,H78<=K78),"Within Band","Outside Band") -> Within Band | M78: 3 | N78: 32497 | O78: Folake Nwachukwu | P78: Active | Q78: 37 | R78: 6 | S78: 1368000 | T78: 43880
A79: 1078 | B79: Maryam | C79: Ekwueme | D79: Female | E79: Sales | F79: Sales Executive | G79: Ibadan | H79: 165000 | I79: =_xlfn.XLOOKUP(F79,'Grade Bands'!$A$2:$A$31,'Grade Bands'!$B$2:$B$31,"Not Found") -> Officer | J79: =_xlfn.XLOOKUP(F79,'Grade Bands'!$A$2:$A$31,'Grade Bands'!$C$2:$C$31,"Not Found") -> 110000 | K79: =_xlfn.XLOOKUP(F79,'Grade Bands'!$A$2:$A$31,'Grade Bands'!$D$2:$D$31,"Not Found") -> 230000 | L79: =IF(AND(H79>=J79,H79<=K79),"Within Band","Outside Band") -> Within Band | M79: 3 | N79: 36840 | O79: Maryam Ekwueme | P79: Exited | Q79: 25 | R79: 1 | S79: 1980000 | T79: 45618 | U79: 46022
A80: 1079 | B80: Olumide | C80: Oladele | D80: Male | E80: Sales | F80: Sales Executive | G80: Kano | H80: 191000 | I80: =_xlfn.XLOOKUP(F80,'Grade Bands'!$A$2:$A$31,'Grade Bands'!$B$2:$B$31,"Not Found") -> Officer | J80: =_xlfn.XLOOKUP(F80,'Grade Bands'!$A$2:$A$31,'Grade Bands'!$C$2:$C$31,"Not Found") -> 110000 | K80: =_xlfn.XLOOKUP(F80,'Grade Bands'!$A$2:$A$31,'Grade Bands'!$D$2:$D$31,"Not Found") -> 230000 | L80: =IF(AND(H80>=J80,H80<=K80),"Within Band","Outside Band") -> Within Band | M80: 4 | N80: 30974 | O80: Olumide Oladele | P80: Active | Q80: 41 | R80: 9 | S80: 2292000 | T80: 42923
A81: 1080 | B81: Rotimi | C81: Ojo | D81: Male | E81: Operations | F81: Operations Officer | G81: Port Harcourt | H81: 145000 | I81: =_xlfn.XLOOKUP(F81,'Grade Bands'!$A$2:$A$31,'Grade Bands'!$B$2:$B$31,"Not Found") -> Officer | J81: =_xlfn.XLOOKUP(F81,'Grade Bands'!$A$2:$A$31,'Grade Bands'!$C$2:$C$31,"Not Found") -> 110000 | K81: =_xlfn.XLOOKUP(F81,'Grade Bands'!$A$2:$A$31,'Grade Bands'!$D$2:$D$31,"Not Found") -> 230000 | L81: =IF(AND(H81>=J81,H81<=K81),"Within Band","Outside Band") -> Within Band | M81: 3 | N81: 27628 | O81: Rotimi Ojo | P81: Active | Q81: 50 | R81: 3 | S81: 1740000 | T81: 44883
A82: 1081 | B82: Olumide | C82: Akinyemi | D82: Male | E82: Customer Service | F82: Support Agent | G82: Lagos | H82: 123000 | I82: =_xlfn.XLOOKUP(F82,'Grade Bands'!$A$2:$A$31,'Grade Bands'!$B$2:$B$31,"Not Found") -> Officer | J82: =_xlfn.XLOOKUP(F82,'Grade Bands'!$A$2:$A$31,'Grade Bands'!$C$2:$C$31,"Not Found") -> 110000 | K82: =_xlfn.XLOOKUP(F82,'Grade Bands'!$A$2:$A$31,'Grade Bands'!$D$2:$D$31,"Not Found") -> 230000 | L82: =IF(AND(H82>=J82,H82<=K82),"Within Band","Outside Band") -> Within Band | M82: 3 | N82: 34988 | O82: Olumide Akinyemi | P82: Active | Q82: 30 | R82: 8 | S82: 1476000 | T82: 43107
A83: 1082 | B83: Yusuf | C83: Onyeka | D83: Male | E83: Human Resources | F83: HR Business Partner | G83: Abuja | H83: 242000 | I83: =_xlfn.XLOOKUP(F83,'Grade Bands'!$A$2:$A$31,'Grade Bands'!$B$2:$B$31,"Not Found") -> Lead/Manager | J83: =_xlfn.XLOOKUP(F83,'Grade Bands'!$A$2:$A$31,'Grade Bands'!$C$2:$C$31,"Not Found") -> 360000 | K83: =_xlfn.XLOOKUP(F83,'Grade Bands'!$A$2:$A$31,'Grade Bands'!$D$2:$D$31,"Not Found") -> 650000 | L83: =IF(AND(H83>=J83,H83<=K83),"Within Band","Outside Band") -> Outside Band | M83: 4 | N83: 33106 | O83: Yusuf Onyeka | P83: Active | Q83: 35 | R83: 6 | S83: 2904000 | T83: 43732
A84: 1083 | B84: Tunde | C84: Ojo | D84: Male | E84: Logistics | F84: Fleet Coordinator | G84: Ibadan | H84: 202000 | I84: =_xlfn.XLOOKUP(F84,'Grade Bands'!$A$2:$A$31,'Grade Bands'!$B$2:$B$31,"Not Found") -> Officer | J84: =_xlfn.XLOOKUP(F84,'Grade Bands'!$A$2:$A$31,'Grade Bands'!$C$2:$C$31,"Not Found") -> 110000 | K84: =_xlfn.XLOOKUP(F84,'Grade Bands'!$A$2:$A$31,'Grade Bands'!$D$2:$D$31,"Not Found") -> 230000 | L84: =IF(AND(H84>=J84,H84<=K84),"Within Band","Outside Band") -> Within Band | M84: 3 | N84: 29008 | O84: Tunde Ojo | P84: Active | Q84: 47 | R84: 10 | S84: 2424000 | T84: 42521
A85: 1084 | B85: Taiwo | C85: Oladele | D85: Male | E85: Logistics | F85: Logistics Analyst | G85: Lagos | H85: 272000 | I85: =_xlfn.XLOOKUP(F85,'Grade Bands'!$A$2:$A$31,'Grade Bands'!$B$2:$B$31,"Not Found") -> Senior | J85: =_xlfn.XLOOKUP(F85,'Grade Bands'!$A$2:$A$31,'Grade Bands'!$C$2:$C$31,"Not Found") -> 220000 | K85: =_xlfn.XLOOKUP(F85,'Grade Bands'!$A$2:$A$31,'Grade Bands'!$D$2:$D$31,"Not Found") -> 360000 | L85: =IF(AND(H85>=J85,H85<=K85),"Within Band","Outside Band") -> Within Band | M85: 3 | N85: 33909 | O85: Taiwo Oladele | P85: Active | Q85: 33 | R85: 9 | S85: 3264000 | T85: 42700
A86: 1085 | B86: Sadiq | C86: Obi | D86: Male | E86: Sales | F86: Sales Executive | G86: Lagos | H86: 139000 | I86: =_xlfn.XLOOKUP(F86,'Grade Bands'!$A$2:$A$31,'Grade Bands'!$B$2:$B$31,"Not Found") -> Officer | J86: =_xlfn.XLOOKUP(F86,'Grade Bands'!$A$2:$A$31,'Grade Bands'!$C$2:$C$31,"Not Found") -> 110000 | K86: =_xlfn.XLOOKUP(F86,'Grade Bands'!$A$2:$A$31,'Grade Bands'!$D$2:$D$31,"Not Found") -> 230000 | L86: =IF(AND(H86>=J86,H86<=K86),"Within Band","Outside Band") -> Within Band | M86: 4 | N86: 36947 | O86: Sadiq Obi | P86: Exited | Q86: 25 | R86: 3 | S86: 1668000 | T86: 44688 | U86: 45985
A87: 1086 | B87: Blessing | C87: Nwosu | D87: Female | E87: Human Resources | F87: HR Officer | G87: Ibadan | H87: 130000 | I87: =_xlfn.XLOOKUP(F87,'Grade Bands'!$A$2:$A$31,'Grade Bands'!$B$2:$B$31,"Not Found") -> Officer | J87: =_xlfn.XLOOKUP(F87,'Grade Bands'!$A$2:$A$31,'Grade Bands'!$C$2:$C$31,"Not Found") -> 110000 | K87: =_xlfn.XLOOKUP(F87,'Grade Bands'!$A$2:$A$31,'Grade Bands'!$D$2:$D$31,"Not Found") -> 230000 | L87: =IF(AND(H87>=J87,H87<=K87),"Within Band","Outside Band") -> Within Band | M87: 3 | N87: 32392 | O87: Blessing Nwosu | P87: Active | Q87: 37 | R87: 4 | S87: 1560000 | T87: 44694
A88: 1087 | B88: Ada | C88: Eze | D88: Female | E88: Human Resources | F88: HR Officer | G88: Lagos | H88: 154000 | I88: =_xlfn.XLOOKUP(F88,'Grade Bands'!$A$2:$A$31,'Grade Bands'!$B$2:$B$31,"Not Found") -> Officer | J88: =_xlfn.XLOOKUP(F88,'Grade Bands'!$A$2:$A$31,'Grade Bands'!$C$2:$C$31,"Not Found") -> 110000 | K88: =_xlfn.XLOOKUP(F88,'Grade Bands'!$A$2:$A$31,'Grade Bands'!$D$2:$D$31,"Not Found") -> 230000 | L88: =IF(AND(H88>=J88,H88<=K88),"Within Band","Outside Band") -> Within Band | M88: 3 | N88: 35396 | O88: Ada Eze | P88: Active | Q88: 29 | R88: 1 | S88: 1848000 | T88: 45768
A89: 1088 | B89: Emeka | C89: Adeleke | D89: Male | E89: IT | F89: Software Developer | G89: Lagos | H89: 185000 | I89: =_xlfn.XLOOKUP(F89,'Grade Bands'!$A$2:$A$31,'Grade Bands'!$B$2:$B$31,"Not Found") -> Senior | J89: =_xlfn.XLOOKUP(F89,'Grade Bands'!$A$2:$A$31,'Grade Bands'!$C$2:$C$31,"Not Found") -> 220000 | K89: =_xlfn.XLOOKUP(F89,'Grade Bands'!$A$2:$A$31,'Grade Bands'!$D$2:$D$31,"Not Found") -> 360000 | L89: =IF(AND(H89>=J89,H89<=K89),"Within Band","Outside Band") -> Outside Band | M89: 3 | N89: 34023 | O89: Emeka Adeleke | P89: Active | Q89: 33 | R89: 7 | S89: 2220000 | T89: 43510
A90: 1089 | B90: Folake | C90: Chukwu | D90: Female | E90: IT | F90: Systems Analyst | G90: Ibadan | H90: 292000 | I90: =_xlfn.XLOOKUP(F90,'Grade Bands'!$A$2:$A$31,'Grade Bands'!$B$2:$B$31,"Not Found") -> Senior | J90: =_xlfn.XLOOKUP(F90,'Grade Bands'!$A$2:$A$31,'Grade Bands'!$C$2:$C$31,"Not Found") -> 220000 | K90: =_xlfn.XLOOKUP(F90,'Grade Bands'!$A$2:$A$31,'Grade Bands'!$D$2:$D$31,"Not Found") -> 360000 | L90: =IF(AND(H90>=J90,H90<=K90),"Within Band","Outside Band") -> Within Band | M90: 3 | N90: 36652 | O90: Folake Chukwu | P90: Active | Q90: 26 | R90: 5 | S90: 3504000 | T90: 44245
A91: 1090 | B91: Chinedu | C91: Onyeka | D91: Male | E91: Sales | F91: Senior Sales Exec | G91: Lagos | H91: 240000 | I91: =_xlfn.XLOOKUP(F91,'Grade Bands'!$A$2:$A$31,'Grade Bands'!$B$2:$B$31,"Not Found") -> Senior | J91: =_xlfn.XLOOKUP(F91,'Grade Bands'!$A$2:$A$31,'Grade Bands'!$C$2:$C$31,"Not Found") -> 220000 | K91: =_xlfn.XLOOKUP(F91,'Grade Bands'!$A$2:$A$31,'Grade Bands'!$D$2:$D$31,"Not Found") -> 360000 | L91: =IF(AND(H91>=J91,H91<=K91),"Within Band","Outside Band") -> Within Band | M91: 4 | N91: 30109 | O91: Chinedu Onyeka | P91: Active | Q91: 44 | R91: 7 | S91: 2880000 | T91: 43406
A92: 1091 | B92: Taiwo | C92: Oladele | D92: Male | E92: IT | F92: IT Support | G92: Lagos | H92: 138000 | I92: =_xlfn.XLOOKUP(F92,'Grade Bands'!$A$2:$A$31,'Grade Bands'!$B$2:$B$31,"Not Found") -> Officer | J92: =_xlfn.XLOOKUP(F92,'Grade Bands'!$A$2:$A$31,'Grade Bands'!$C$2:$C$31,"Not Found") -> 110000 | K92: =_xlfn.XLOOKUP(F92,'Grade Bands'!$A$2:$A$31,'Grade Bands'!$D$2:$D$31,"Not Found") -> 230000 | L92: =IF(AND(H92>=J92,H92<=K92),"Within Band","Outside Band") -> Within Band | M92: 3 | N92: 36641 | O92: Taiwo Oladele | P92: Exited | Q92: 26 | R92: 2 | S92: 1656000 | T92: 44649 | U92: 45602
A93: 1092 | B93: Ifeoma | C93: Obi | D93: Female | E93: Logistics | F93: Logistics Manager | G93: Lagos | H93: 435000 | I93: =_xlfn.XLOOKUP(F93,'Grade Bands'!$A$2:$A$31,'Grade Bands'!$B$2:$B$31,"Not Found") -> Lead/Manager | J93: =_xlfn.XLOOKUP(F93,'Grade Bands'!$A$2:$A$31,'Grade Bands'!$C$2:$C$31,"Not Found") -> 360000 | K93: =_xlfn.XLOOKUP(F93,'Grade Bands'!$A$2:$A$31,'Grade Bands'!$D$2:$D$31,"Not Found") -> 650000 | L93: =IF(AND(H93>=J93,H93<=K93),"Within Band","Outside Band") -> Within Band | M93: 3 | N93: 30853 | O93: Ifeoma Obi | P93: Exited | Q93: 42 | R93: 2 | S93: 5220000 | T93: 44063 | U93: 45108
A94: 1093 | B94: Damola | C94: Adeleke | D94: Female | E94: Sales | F94: Sales Executive | G94: Lagos | H94: 133000 | I94: =_xlfn.XLOOKUP(F94,'Grade Bands'!$A$2:$A$31,'Grade Bands'!$B$2:$B$31,"Not Found") -> Officer | J94: =_xlfn.XLOOKUP(F94,'Grade Bands'!$A$2:$A$31,'Grade Bands'!$C$2:$C$31,"Not Found") -> 110000 | K94: =_xlfn.XLOOKUP(F94,'Grade Bands'!$A$2:$A$31,'Grade Bands'!$D$2:$D$31,"Not Found") -> 230000 | L94: =IF(AND(H94>=J94,H94<=K94),"Within Band","Outside Band") -> Within Band | M94: 4 | N94: 33463 | O94: Damola Adeleke | P94: Active | Q94: 34 | R94: 7 | S94: 1596000 | T94: 43603
A95: 1094 | B95: Taiwo | C95: Ojo | D95: Male | E95: Operations | F95: Operations Analyst | G95: Port Harcourt | H95: 160000 | I95: =_xlfn.XLOOKUP(F95,'Grade Bands'!$A$2:$A$31,'Grade Bands'!$B$2:$B$31,"Not Found") -> Senior | J95: =_xlfn.XLOOKUP(F95,'Grade Bands'!$A$2:$A$31,'Grade Bands'!$C$2:$C$31,"Not Found") -> 220000 | K95: =_xlfn.XLOOKUP(F95,'Grade Bands'!$A$2:$A$31,'Grade Bands'!$D$2:$D$31,"Not Found") -> 360000 | L95: =IF(AND(H95>=J95,H95<=K95),"Within Band","Outside Band") -> Outside Band | M95: 4 | N95: 27651 | O95: Taiwo Ojo | P95: Active | Q95: 50 | R95: 9 | S95: 1920000 | T95: 42949
A96: 1095 | B96: Olumide | C96: Mohammed | D96: Male | E96: Customer Service | F96: Support Agent | G96: Abuja | H96: 155000 | I96: =_xlfn.XLOOKUP(F96,'Grade Bands'!$A$2:$A$31,'Grade Bands'!$B$2:$B$31,"Not Found") -> Officer | J96: =_xlfn.XLOOKUP(F96,'Grade Bands'!$A$2:$A$31,'Grade Bands'!$C$2:$C$31,"Not Found") -> 110000 | K96: =_xlfn.XLOOKUP(F96,'Grade Bands'!$A$2:$A$31,'Grade Bands'!$D$2:$D$31,"Not Found") -> 230000 | L96: =IF(AND(H96>=J96,H96<=K96),"Within Band","Outside Band") -> Within Band | M96: 2 | N96: 30004 | O96: Olumide Mohammed | P96: Active | Q96: 44 | R96: 4 | S96: 1860000 | T96: 44711
A97: 1096 | B97: Folake | C97: Adebayo | D97: Female | E97: Human Resources | F97: Recruiter | G97: Abuja | H97: 179000 | I97: =_xlfn.XLOOKUP(F97,'Grade Bands'!$A$2:$A$31,'Grade Bands'!$B$2:$B$31,"Not Found") -> Officer | J97: =_xlfn.XLOOKUP(F97,'Grade Bands'!$A$2:$A$31,'Grade Bands'!$C$2:$C$31,"Not Found") -> 110000 | K97: =_xlfn.XLOOKUP(F97,'Grade Bands'!$A$2:$A$31,'Grade Bands'!$D$2:$D$31,"Not Found") -> 230000 | L97: =IF(AND(H97>=J97,H97<=K97),"Within Band","Outside Band") -> Within Band | M97: 5 | N97: 29906 | O97: Folake Adebayo | P97: Active | Q97: 44 | R97: 4 | S97: 2148000 | T97: 44666
A98: 1097 | B98: Adaeze | C98: Ibrahim | D98: Female | E98: Customer Service | F98: Support Agent | G98: Kano | H98: 166000 | I98: =_xlfn.XLOOKUP(F98,'Grade Bands'!$A$2:$A$31,'Grade Bands'!$B$2:$B$31,"Not Found") -> Officer | J98: =_xlfn.XLOOKUP(F98,'Grade Bands'!$A$2:$A$31,'Grade Bands'!$C$2:$C$31,"Not Found") -> 110000 | K98: =_xlfn.XLOOKUP(F98,'Grade Bands'!$A$2:$A$31,'Grade Bands'!$D$2:$D$31,"Not Found") -> 230000 | L98: =IF(AND(H98>=J98,H98<=K98),"Within Band","Outside Band") -> Within Band | M98: 3 | N98: 31520 | O98: Adaeze Ibrahim | P98: Active | Q98: 40 | R98: 3 | S98: 1992000 | T98: 45102
A99: 1098 | B99: Omolara | C99: Adeleke | D99: Female | E99: Marketing | F99: Content Strategist | G99: Lagos | H99: 207000 | I99: =_xlfn.XLOOKUP(F99,'Grade Bands'!$A$2:$A$31,'Grade Bands'!$B$2:$B$31,"Not Found") -> Senior | J99: =_xlfn.XLOOKUP(F99,'Grade Bands'!$A$2:$A$31,'Grade Bands'!$C$2:$C$31,"Not Found") -> 220000 | K99: =_xlfn.XLOOKUP(F99,'Grade Bands'!$A$2:$A$31,'Grade Bands'!$D$2:$D$31,"Not Found") -> 360000 | L99: =IF(AND(H99>=J99,H99<=K99),"Within Band","Outside Band") -> Outside Band | M99: 3 | N99: 33620 | O99: Omolara Adeleke | P99: Active | Q99: 34 | R99: 4 | S99: 2484000 | T99: 44596
A100: 1099 | B100: Chibuike | C100: Adeleke | D100: Male | E100: Sales | F100: Sales Executive | G100: Kano | H100: 145000 | I100: =_xlfn.XLOOKUP(F100,'Grade Bands'!$A$2:$A$31,'Grade Bands'!$B$2:$B$31,"Not Found") -> Officer | J100: =_xlfn.XLOOKUP(F100,'Grade Bands'!$A$2:$A$31,'Grade Bands'!$C$2:$C$31,"Not Found") -> 110000 | K100: =_xlfn.XLOOKUP(F100,'Grade Bands'!$A$2:$A$31,'Grade Bands'!$D$2:$D$31,"Not Found") -> 230000 | L100: =IF(AND(H100>=J100,H100<=K100),"Within Band","Outside Band") -> Within Band | M100: 4 | N100: 32690 | O100: Chibuike Adeleke | P100: Active | Q100: 37 | R100: 9 | S100: 1740000 | T100: 42862
...

Sheet Analysis Sheet
A1: Total headcount of active employees
A2: =COUNTIF(Table1_1[[#All],[Employment Status]],"Active") -> 138
A4: Overall attrition rate
A5: =COUNTIF(Table1_1[[#All],[Employment Status]],"Exited")/COUNTA(Table1_1[[#All],[EmployeeID]]) -> 0.2320442
A7: Total monthly payroll
A8: =SUMIF(Table1_1[Employment Status],"Active",Table1_1[Monthly Salary (NGN)]) -> 28773000
A10: Average monthly salary for active staff
A11: =AVERAGEIF(Table1_1[Employment Status],"Active",Table1_1[Monthly Salary (NGN)]) -> 208500
A13: Headcount split by Department and by Gender
A14: Department | B14: Male | C14: Female
A15: Customer Service | B15: =COUNTIFS(Table1_1[Department],'Analysis Sheet'!A15,Table1_1[Gender],$B$14) -> 14 | C15: =COUNTIFS(Table1_1[Department],'Analysis Sheet'!A15,Table1_1[Gender],$C$14) -> 11
A16: Finance | B16: =COUNTIFS(Table1_1[Department],'Analysis Sheet'!A16,Table1_1[Gender],$B$14) -> 15 | C16: =COUNTIFS(Table1_1[Department],'Analysis Sheet'!A16,Table1_1[Gender],$C$14) -> 5
A17: Human Resources | B17: =COUNTIFS(Table1_1[Department],'Analysis Sheet'!A17,Table1_1[Gender],$B$14) -> 10 | C17: =COUNTIFS(Table1_1[Department],'Analysis Sheet'!A17,Table1_1[Gender],$C$14) -> 10
A18: IT | B18: =COUNTIFS(Table1_1[Department],'Analysis Sheet'!A18,Table1_1[Gender],$B$14) -> 10 | C18: =COUNTIFS(Table1_1[Department],'Analysis Sheet'!A18,Table1_1[Gender],$C$14) -> 14
A19: Logistics | B19: =COUNTIFS(Table1_1[Department],'Analysis Sheet'!A19,Table1_1[Gender],$B$14) -> 7 | C19: =COUNTIFS(Table1_1[Department],'Analysis Sheet'!A19,Table1_1[Gender],$C$14) -> 7
A20: Marketing | B20: =COUNTIFS(Table1_1[Department],'Analysis Sheet'!A20,Table1_1[Gender],$B$14) -> 15 | C20: =COUNTIFS(Table1_1[Department],'Analysis Sheet'!A20,Table1_1[Gender],$C$14) -> 11
A21: Operations | B21: =COUNTIFS(Table1_1[Department],'Analysis Sheet'!A21,Table1_1[Gender],$B$14) -> 11 | C21: =COUNTIFS(Table1_1[Department],'Analysis Sheet'!A21,Table1_1[Gender],$C$14) -> 8
A22: Sales | B22: =COUNTIFS(Table1_1[Department],'Analysis Sheet'!A22,Table1_1[Gender],$B$14) -> 23 | C22: =COUNTIFS(Table1_1[Department],'Analysis Sheet'!A22,Table1_1[Gender],$C$14) -> 9

Sheet Grade Bands
A1: Job Role | B1: Grade | C1: Band Min (NGN) | D1: Band Max (NGN)
A2: Accountant | B2: Officer | C2: 110000 | D2: 230000
A3: Accounts Officer | B3: Officer | C3: 110000 | D3: 230000
A4: Brand Executive | B4: Officer | C4: 110000 | D4: 230000
A5: CS Manager | B5: Lead/Manager | C5: 360000 | D5: 650000
A6: Content Strategist | B6: Senior | C6: 220000 | D6: 360000
A7: Dispatch Officer | B7: Officer | C7: 110000 | D7: 230000
A8: Finance Analyst | B8: Senior | C8: 220000 | D8: 360000
A9: Finance Manager | B9: Lead/Manager | C9: 360000 | D9: 650000
A10: Fleet Coordinator | B10: Officer | C10: 110000 | D10: 230000
A11: HR Business Partner | B11: Lead/Manager | C11: 360000 | D11: 650000
A12: HR Manager | B12: Lead/Manager | C12: 360000 | D12: 650000
A13: HR Officer | B13: Officer | C13: 110000 | D13: 230000
... A31: Team Lead | B31: Lead/Manager | C31: 360000 | D31: 650000

Sheet Departments
A1: Department | B1: Department Head | C1: HQ Location | D1: Annual Budget (NGN)
A2: Sales | B2: Temitope Anyanwu | C2: Lagos | D2: 50000000
A3: Finance | B3: Ronke Mohammed | C3: Abuja | D3: 45000000
A4: Operations | B4: Chinedu Nwachukwu | C4: Abuja | D4: 132000000
A5: Human Resources | B5: Ahmed Balogun | C5: Abuja | D5: 126000000
A6: IT | B6: Musa Balogun | C6: Lagos | D6: 53000000
A7: Marketing | B7: Ahmed Adebayo | C7: Lagos | D7: 38000000
A8: Logistics | B8: Chiamaka Adeleke | C8: Abuja | D8: 135000000
A9: Customer Service | B9: Omolara Akinyemi | C9: Lagos | D9: 138000000
